City,County ,Jurisdiction Type,Retail: Storefront,Retail: Non-Storefront,Distributor,Manufacturer,Cultivation,Testing,Micro,Limit Explanations,Notes,Updated,Are all CCA activited prohibited?,Is all retail prohibited? ,CCA Prohibited by County
Adelanto,San Bernardino,City,Limited,Limited,Allowed,Allowed,Allowed,Allowed,Allowed,Retail (all): pre-existing businesses only,,Jan-22,N,N,
Agoura Hills,Los Angeles,City,Prohibited,Prohibited,Prohibited,Prohibited,Prohibited,Prohibited,Prohibited,,,Jan-22,Y,Y,
Alameda,Alameda,City,Allowed,Allowed,Allowed,Allowed ,Limited,Allowed ,Prohibited,Cultivation: Nursery Only,,Jan-22,N,N,
Albany,Alameda,City,Prohibited,Prohibited,Prohibited,Prohibited,Prohibited,Prohibited,Prohibited,,"Distribution, Testing, Micro: Silent",Jan-22,Y,Y,
Alhambra,Los Angeles,City,Prohibited,Prohibited ,Prohibited ,Prohibited ,Prohibited ,Prohibited ,Prohibited ,,Allows medical delivery  from outside the jurisdiction ,Jan-22,Y,Y,
Aliso Viejo,Orange,City,Prohibited,Prohibited,Prohibited,Prohibited,Prohibited,Prohibited,Prohibited,,,Jan-22,Y,Y,
Alturas,Modoc,City,Prohibited,Prohibited,Prohibited,Prohibited,Prohibited,Prohibited,Prohibited,,"Distribution, Testing, Micro: Silent",Jan-22,Y,Y,
Amador City,Amador,City,Prohibited,Prohibited,Prohibited,Prohibited,Prohibited,Prohibited,Prohibited,,,Jan-22,Y,Y,
American Canyon,Napa,City,Prohibited,Allowed,Allowed,Allowed,Limited,Allowed,Allowed ,Cultivation: Indoor only,,Jan-22,N,N,
Anaheim,Orange,City,Prohibited,Prohibited,Prohibited,Prohibited,Prohibited,Prohibited,Prohibited,,,Jan-22,Y,Y,
Anderson,Shasta,City,Prohibited,Prohibited,Prohibited,Prohibited,Prohibited,Prohibited,Prohibited,,,Jan-22,Y,Y,
Angels Camp,Calaveras,City,Prohibited,Prohibited ,Prohibited,Prohibited,Prohibited,Prohibited,Prohibited,,Allows delivery from outside of the jurisdiction,Jan-22,Y,Y,
Antioch,Contra Costa,City,Allowed,Allowed,Allowed,Allowed,Allowed,Allowed,Allowed,,,Jan-22,N,N,
Apple Valley,San Bernardino,City,Prohibited,Prohibited,Prohibited,Prohibited,Prohibited,Prohibited,Prohibited,,,Jan-22,Y,Y,
Arcadia,Los Angeles,City,Prohibited ,Prohibited,Prohibited ,Prohibited ,Prohibited ,Prohibited,Prohibited ,,,Jan-22,Y,Y,
Arcata,Humboldt,City,Allowed,Allowed,Allowed,Allowed,Allowed,Allowed,Allowed,,,Jan-22,N,N,
Arroyo Grande,San Luis Obispo,City,Prohibited,Prohibited,Prohibited,Prohibited,Prohibited ,Prohibited,Prohibited,,,Jan-22,Y,Y,
Artesia,Los Angeles,City,Prohibited,Prohibited,Prohibited,Prohibited,Prohibited,Prohibited,Prohibited,,,Jan-22,Y,Y,
Arvin,Kern,City,Prohibited,Allowed,Allowed,Allowed ,Limited,Allowed,Allowed,Cultivation: indoor only,Prohibits delivery from outside of the jurisdiction,Jan-22,N,N,
Atascadero,San Luis Obispo,City,Prohibited,Allowed,Prohibited,Prohibited,Prohibited,Allowed ,Prohibited,,,Jan-22,N,N,
Atherton,San Mateo,City,Prohibited,Prohibited,Prohibited,Prohibited,Prohibited,Prohibited,Prohibited,,Silent for all CCA activities,Jan-22,Y,Y,
Atwater,Merced,City,Allowed,Allowed,Allowed,Allowed,Limited,Allowed,Allowed,Cultivation: Indoor only,,Jan-22,N,N,
Auburn,Placer,City,Prohibited,Prohibited,Prohibited,Prohibited,Prohibited,Prohibited,Prohibited,,,Jan-22,Y,Y,
Avalon (Catalina Island),Los Angeles,City,Prohibited,Limited-Medical Only,Prohibited,Prohibited,Prohibited,Prohibited,Prohibited,,,Jan-22,N,N,
Avenal,Kings,City,Prohibited,Prohibited ,Prohibited,Prohibited,Prohibited,Prohibited,Prohibited,,"Distribution, Manufacturing, Cultivation, Testing, Micro: Silent",Jan-22,Y,Y,
Azusa,Los Angeles,City,Prohibited,Prohibited,Prohibited,Prohibited,Prohibited,Prohibited,Prohibited,,,Jan-22,Y,Y,
Bakersfield,Kern,City,Prohibited,Prohibited,Prohibited,Prohibited,Prohibited,Prohibited,Prohibited,,,Jan-22,Y,Y,
Baldwin Park,Angeles,City,Prohibited,Prohibited,Allowed ,Allowed ,Limited,Prohibited,Prohibited,Cultivation: Indoor only,,Jan-22,N,Y,
Banning,Riverside,City,Allowed,Prohibited,Allowed,Allowed,Limited,Allowed,Allowed,Cultivation: Indoor only,Non-storefront: Silent,Jan-22,N,N,
Barstow,San Bernardino,City,Allowed,Allowed,Allowed,Allowed,Limited,Allowed,Allowed,Cultivation: Indoor only,,Jan-22,N,N,
Beaumont,Riverside,City,Prohibited,Prohibited,Prohibited,Prohibited,Prohibited,Prohibited,Prohibited,,,Jan-22,Y,Y,
Bell,Los Angeles,City,Prohibited,Prohibited,Limited-Medical Only,Limited-Medical Only,Limited-Medical Only,Limited-Medical Only,Prohibited,Cultivation: Indoor only,Allows medical delivery  from outside the jurisdiction ,Jan-22,N,Y,
Bell Gardens,Los Angeles,City,Prohibited,Prohibited,Prohibited,Prohibited,Prohibited,Prohibited,Prohibited,,,Jan-22,Y,Y,
Bellflower,Los Angeles,City,Allowed,Allowed,Allowed,Allowed,Allowed,Allowed,Allowed,,,Jan-22,N,N,
Belmont,San Mateo,City,Prohibited,Prohibited,Prohibited,Prohibited,Prohibited,Prohibited,Prohibited,,,Jan-22,Y,Y,
Belvedere,Marin,City,Prohibited,Prohibited,Prohibited,Prohibited,Prohibited ,Prohibited,Prohibited,,Allows delivery from outside of the jurisdiction,Jan-22,Y,Y,
Benicia ,Solano,City,Limited,Allowed,Allowed,Allowed,Limited,Allowed,Allowed,"Storefront retail: Limit 1 licensee
Cultivation: Indoor only",,Jan-22,N,N,
Berkeley,Alameda,City,Limited,Limited,Allowed,Allowed,Allowed,Allowed,Allowed,All retail: pre-existing only,,Jan-22,N,N,
Beverly Hills,Los Angeles,City,Prohibited,Prohibited,Prohibited,Prohibited,Prohibited,Prohibited,Prohibited,,,Jan-22,Y,Y,
Big Bear Lake,San Bernardino,City,Prohibited,Prohibited,Prohibited,Prohibited,Prohibited,Prohibited,Prohibited,,,Jan-22,Y,Y,
Biggs,Butte,City,Prohibited,Prohibited,Prohibited,Prohibited,Prohibited,Prohibited,Prohibited,,,Jan-22,Y,Y,
Bishop,Inyo,City,Limited,Limited,Prohibited,Prohibited,Prohibited,Prohibited,Prohibited,Retail (all): Limit 2 licensees,,Jan-22,N,N,
Blue Lake,Humboldt,City,Prohibited,Prohibited,Prohibited,Prohibited,Prohibited,Prohibited,Prohibited,,,Jan-22,Y,Y,
Blythe,Riverside,City,Limited,Prohibited,Allowed,Allowed,Allowed,Limited,Limited,"Retail (storefront): Limit 2 licensees
Testing: Limit 2 licensees
Microbusiness: Limit 2 licensees",Non-storefront: Silent,Jan-22,N,N,
Bradbury,Los Angeles,City,Prohibited,Prohibited,Prohibited,Prohibited,Prohibited,Prohibited,Prohibited,,,Jan-22,Y,Y,
Brawley,Imperial,City,Prohibited,Prohibited,Prohibited,Prohibited,Prohibited ,Prohibited,Prohibited,,,Jan-22,Y,Y,
Brea,Orange,City,Prohibited,Prohibited,Prohibited,Prohibited,Prohibited,Prohibited,Prohibited,,,Jan-22,Y,Y,
Brentwood,Contra Costa,City,Prohibited,Prohibited,Prohibited,Prohibited,Prohibited,Prohibited,Prohibited,,,Jan-22,Y,Y,
Brisbane,San Mateo,City,Prohibited,Allowed,Allowed,Allowed,Prohibited,Allowed,Silent ,Retail (storefront): City plans to consider in 2022,Micro: Silent,Jan-22,N,N,
Buellton,Santa Barbara,City,Prohibited,Prohibited  ,Prohibited,Prohibited,Prohibited  ,Allowed,Prohibited,,,Jan-22,N,Y,
Buena Park,Orange,City,Prohibited,Prohibited,Prohibited,Prohibited,Prohibited,Prohibited,Prohibited,,,Jan-22,Y,Y,
Burbank,Los Angeles,City,Prohibited,Prohibited,Prohibited,Prohibited,Prohibited,Prohibited,Prohibited,,,Jan-22,Y,Y,
Burlingame,San Mateo,City,Prohibited,Allowed,Prohibited,Prohibited,Prohibited,Prohibited,Prohibited,,,Jan-22,N,N,
Calabasas,Los Angeles,City,Prohibited,Prohibited,Prohibited,Prohibited,Prohibited,Prohibited,Prohibited,,,Jan-22,Y,Y,
Calexico,Imperial,City,Allowed,Allowed,Allowed,Allowed,Limited,Allowed,Allowed,Cultivation: Indoor only,,Jan-22,N,N,
California City,Kern,City,Limited,Allowed,Allowed,Allowed,Allowed,Allowed,Allowed,Retail (storefront): Limit 2 licensees,,Jan-22,N,N,
Calimesa,Riverside,City,Prohibited,Prohibited,Prohibited,Prohibited,Prohibited,Prohibited,Prohibited,,Allows medical delivery from outside jurisdiction,Jan-22,Y,Y,
Calipatria,Imperial,City,Prohibited,Prohibited,Prohibited,Prohibited,Prohibited,Prohibited,Prohibited,,,Jan-22,Y,Y,
Calistoga ,Napa,City,Prohibited,Prohibited,Prohibited,Prohibited,Prohibited,Prohibited,Prohibited,,,Jan-22,Y,Y,
Camarillo,Ventura,City,Prohibited,Prohibited,Prohibited,Prohibited,Prohibited,Prohibited,Prohibited,,,Jan-22,Y,Y,
Campbell,Santa Clara,City,Prohibited,Prohibited,Prohibited,Prohibited,Prohibited ,Prohibited,Prohibited,,Allows medical delivery from outside jurisdiction,Jan-22,Y,Y,
Canyon Lake,Riverside,City,Prohibited,Prohibited ,Prohibited,Prohibited,Prohibited ,Prohibited,Prohibited,,,Jan-22,Y,Y,
Capitola,Santa Cruz,City,Allowed,Prohibited,Prohibited,Prohibited,Prohibited,Allowed,Prohibited,,,Jan-22,N,N,
Carlsbad,San Diego,City,Prohibited ,Prohibited ,Prohibited ,Prohibited ,Prohibited ,Prohibited ,Prohibited ,,,Jan-22,Y,Y,
Carmel by the Sea ,Monterey,City,Prohibited,Prohibited,Prohibited,Prohibited,Prohibited,Prohibited,Prohibited,,,Jan-22,Y,Y,
Carpinteria ,Santa Barbara,City,Prohibited,Allowed,Allowed,Allowed,Prohibited,Allowed,Silent,,Micro: Silent,Jan-22,N,N,
Carson,Los Angeles,City,Prohibited,Prohibited,Allowed,Allowed,Limited,Allowed,Prohibited,Cultivation: Indoor only,,Jan-22,N,Y,
Cathedral City,Riverside,City,Allowed,Allowed,Allowed,Allowed,Allowed,Allowed ,Allowed,,,Jan-22,N,N,
Ceres,Stanislaus,City,Allowed,Allowed,Allowed,Allowed,Limited,Allowed,Allowed,Cultivation: Indoor only,,Jan-22,N,N,
Cerritos,Los Angeles,City,Prohibited,Prohibited,Prohibited,Prohibited,Prohibited,Prohibited,Prohibited,,,Jan-22,Y,Y,
Chico,Butte,City,Allowed,Allowed,Allowed,Allowed,Prohibited,Allowed,Prohibited,,,Jan-22,N,N,
Chino,San Bernardino,City,Prohibited,Prohibited,Prohibited,Prohibited,Prohibited,Prohibited,Prohibited,,,Jan-22,Y,Y,
Chino Hills,San Bernardino,City,Prohibited,Prohibited ,Prohibited,Prohibited,Prohibited,Prohibited,Prohibited,,,Jan-22,Y,Y,
Chowchilla,Madera,City,Prohibited,Prohibited,Prohibited,Prohibited,Prohibited,Prohibited,Prohibited,,,Jan-22,Y,Y,
Chula Vista,San Diego,City,Limited,Allowed,Allowed,Allowed,Limited,Allowed,Silent,"Retail (storefront): Limit 4 licensees
Cultivation: Indoor only",Micro: Silent,Jan-22,N,N,
Citrus Heights,Sacramento,City,Prohibited,Prohibited,Prohibited,Prohibited,Prohibited,Prohibited,Prohibited,,Allows delivery from outside jurisdiction,Jan-22,Y,Y,
Claremont,Los Angeles,City,Prohibited,Prohibited,Prohibited,Prohibited,Prohibited,Prohibited,Prohibited,,,Jan-22,Y,Y,
Clayton,Contra Costa,City,Prohibited,Prohibited,Prohibited,Prohibited,Prohibited,Prohibited,Prohibited,,Allows delivery from outside jurisdiction,Jan-22,Y,Y,
Clearlake,Lake,City,Allowed,Allowed,Allowed,Allowed,Allowed,Allowed,Allowed,,,Jan-22,N,N,
Cloverdale,Sonoma,City,Allowed,Allowed,Allowed,Allowed,Allowed,Allowed,Allowed,,,Jan-22,N,N,
Clovis,Fresno,City,Prohibited,Prohibited ,Prohibited,Prohibited,Prohibited,Allowed,Prohibited,,,Jan-22,N,Y,
Coachella,Riverside,City,Allowed,Allowed,Allowed,Allowed,Limited,Allowed,Allowed,Cultivation: Indoor only,,Jan-22,N,N,
Coalinga,Fresno,City,Allowed,Allowed,Allowed,Allowed,Allowed,Allowed ,Allowed,,,Jan-22,N,N,
Colfax,Placer,City,Allowed ,Allowed,Allowed,Allowed,Limited,Allowed,Allowed,Cultivation: Indoor only,,Jan-22,N,N,
Colma,San Mateo,City,Prohibited,Prohibited,Prohibited,Prohibited,Prohibited,Prohibited,Prohibited,,,Jan-22,Y,Y,
Colton,San Bernardino,City,Prohibited,Prohibited,Prohibited,Allowed,Limited,Allowed,Prohibited,Cultivation: Indoor only,Allows delivery from outside jurisdiction,Jan-22,N,Y,
Colusa,Colusa,City,Prohibited,Prohibited,Prohibited,Allowed,Prohibited ,Prohibited,Prohibited,,,Jan-22,N,Y,
Commerce,Los Angeles,City,Prohibited,Allowed,Allowed,Allowed,Limited,Allowed,Allowed,Cultivation: Indoor only,,Jan-22,N,N,
Compton,Los Angeles,City,Prohibited,Prohibited,Prohibited,Prohibited,Prohibited,Prohibited,Prohibited,,,Jan-22,Y,Y,
Concord,Contra Costa,City,Allowed,Allowed,Allowed,Allowed,Prohibited,Allowed,Allowed,,,Jan-22,N,N,
Corcoran,Kings,City,Prohibited,Prohibited,Prohibited,Prohibited,Prohibited,Prohibited,Prohibited,,,Jan-22,Y,Y,
Corning,Tehama,City,Prohibited,Prohibited,Prohibited,Prohibited,Prohibited ,Prohibited,Prohibited,,,Jan-22,Y,Y,
Corona,Riverside,City,Limited,Allowed,Allowed,Allowed,Prohibited,Allowed,Allowed,Retail (storefront): Limit 12 licensees,,Jan-22,N,N,
Coronado,San Diego,City,Prohibited,Prohibited,Prohibited,Prohibited,Prohibited,Prohibited,Prohibited,,,Jan-22,Y,Y,
Corte Madera,Marin,City,Prohibited,Prohibited,Prohibited,Prohibited,Prohibited,Prohibited,Prohibited,,Allows delivery from outside jurisdiction,Jan-22,Y,Y,
Costa Mesa ,Orange,City,Allowed,Allowed,Allowed,Allowed,Prohibited ,Allowed,Allowed,,,Jan-22,N,N,
Cotati,Sonoma,City,Allowed ,Allowed ,Allowed ,Allowed ,Allowed,Allowed,Allowed,,,Jan-22,N,N,
Covina,Los Angeles,City,Prohibited,Prohibited,Prohibited,Prohibited,Prohibited,Prohibited,Prohibited,,,Jan-22,Y,Y,
Crescent City,Del Norte,City,Allowed,Allowed,Allowed,Limited,Limited,Allowed,Allowed,"Manufacturing: Non-volatile only
Cultivation: Indoor only",,Jan-22,N,N,
Cudahy,Los Angeles,City,Prohibited,Limited-Medical Only,Limited-Medical Only,Limited-Medical Only,Limited-Medical Only,Limited-Medical Only,Limited-Medical Only,,,Jan-22,N,N,
Culver City,Los Angeles,City,Allowed,Allowed,Allowed,Allowed,Limited,Allowed,Allowed,Cultivation: Indoor only,,Jan-22,N,N,
Cupertino,Santa Clara,City,Prohibited,Prohibited,Prohibited,Prohibited,Prohibited,Prohibited,Prohibited,,Allows medical delivery from outside jurisdiction,Jan-22,Y,Y,
Cypress,Orange,City,Prohibited,Prohibited,Prohibited,Prohibited,Prohibited,Prohibited,Prohibited,,Allows medical delivery from outside jurisdiction,Jan-22,Y,Y,
Daly City,San Mateo,City,Allowed,Allowed,Prohibited,Prohibited,Prohibited,Allowed,Prohibited,,,Jan-22,N,N,
Dana Point,Orange,City,Prohibited,Prohibited,Prohibited,Prohibited,Prohibited,Prohibited,Prohibited,,,Jan-22,Y,Y,
Danville,Contra Costa,City,Prohibited,Prohibited,Prohibited,Prohibited,Prohibited,Prohibited,Prohibited,,,Jan-22,Y,Y,
Davis,Yolo,City,Allowed,Allowed,Allowed,Allowed ,Prohibited,Allowed,Allowed,,,Jan-22,N,N,
Del Mar ,San Diego,City,Prohibited,Prohibited,Prohibited,Prohibited,Prohibited,Prohibited,Prohibited,,,Jan-22,Y,Y,
Del Rey Oaks,Monterey,City,Allowed ,Allowed,Allowed,Allowed ,Limited,Allowed,Silent,Cultivation: Indoor only,Micro: Silent,Jan-22,N,N,
Delano,Kern,City,Prohibited,Prohibited,Prohibited,Prohibited,Prohibited,Prohibited,Prohibited,,,Jan-22,Y,Y,
Desert Hot Springs ,Riverside,City,Allowed,Allowed,Allowed,Allowed,Allowed,Allowed,Allowed,,,Jan-22,N,N,
Diamond Bar ,Los Angeles,City,Prohibited,Prohibited,Prohibited,Prohibited,Prohibited,Prohibited,Prohibited,,,Jan-22,Y,Y,
Dinuba,Tulare,City,Prohibited,Prohibited,Prohibited,Prohibited,Prohibited,Prohibited,Prohibited,,,Jan-22,Y,Y,
Dixon,Solano,City,Allowed ,Allowed,Prohibited,Allowed,Limited,Allowed,Allowed,Cultivation: Indoor only,Distribution: Silent,Jan-22,N,N,
Dorris,Siskiyou,City,Prohibited,Prohibited ,Prohibited,Prohibited,Prohibited,Prohibited,Prohibited,,,Jan-22,Y,Y,
Dos Palos,Merced,City,Prohibited,Prohibited,Prohibited,Prohibited,Prohibited,Prohibited,Prohibited,,,Jan-22,Y,Y,
Downey,Los Angeles,City,Prohibited,Prohibited,Prohibited,Prohibited,Prohibited,Prohibited,Prohibited,,,Jan-22,Y,Y,
Duarte,Los Angeles,City,Prohibited,Prohibited,Prohibited,Prohibited,Prohibited,Prohibited,Prohibited,,,Jan-22,Y,Y,
Dublin,Alameda,City,Prohibited,Prohibited,Prohibited,Prohibited,Prohibited,Prohibited,Prohibited,,,Jan-22,Y,Y,
Dunsmuir,Siskiyou,City,Allowed ,Allowed,Allowed,Allowed,Limited,Allowed,Allowed,Cultivation: Indoor only,,Jan-22,N,N,
East Palo Alto,San Mateo,City,Prohibited,Prohibited,Prohibited,Prohibited,Prohibited,Prohibited,Prohibited,,,Jan-22,Y,Y,
Eastvale,Riverside,City,Prohibited,Prohibited,Prohibited,Prohibited,Prohibited,Prohibited,Prohibited,,,Jan-22,Y,Y,
El Cajon,San Diego,City,Prohibited,Prohibited,Prohibited,Prohibited,Prohibited,Prohibited,Prohibited,,,Jan-22,Y,Y,
El Centro,Imperial,City,Allowed,Prohibited,Prohibited,Prohibited,Prohibited,Prohibited,Prohibited,,,Jan-22,N,N,
El Cerrito,Contra Costa,City,Allowed ,Prohibited ,Prohibited,Prohibited,Prohibited,Prohibited,Prohibited,,,Jan-22,N,N,
El Monte,Los Angeles,City,Allowed,Allowed,Allowed,Allowed,Limited,Allowed,Allowed,Cultivation: Indoor only,,Jan-22,N,N,
El Segundo,Los Angeles,City,Prohibited,Prohibited,Prohibited,Prohibited,Prohibited,Prohibited,Prohibited,,,Jan-22,Y,Y,
Elk Grove,Sacramento,City,Prohibited,Prohibited,Prohibited,Prohibited,Prohibited,Prohibited,Prohibited,,"Distribution, Manufacturing, Cultivation, Testing, Micro: Silent",Jan-22,Y,Y,
Emeryville,Alameda,City,Allowed,Allowed ,Allowed,Allowed,Prohibited,Allowed,Allowed,,,Jan-22,N,N,
Encinitas,San Diego,City,Allowed,Allowed,Allowed,Allowed,Allowed,Prohibited,Prohibited,,"Testing, Micro: Silent",Jan-22,N,N,
Escalon,San Joaquin,City,Prohibited,Prohibited,Prohibited,Prohibited,Prohibited,Prohibited,Prohibited,,"Distribution, Manufacturing, Cultivation, Testing, Micro: Silent",Jan-22,Y,Y,
Escondido,San Diego,City,Prohibited,Prohibited,Prohibited,Prohibited,Prohibited,Prohibited,Prohibited,,,Jan-22,Y,Y,
Etna,Siskiyou,City,Prohibited,Prohibited,Prohibited,Prohibited,Prohibited,Prohibited,Prohibited,,,Jan-22,Y,Y,
Eureka,Humboldt,City,Allowed,Allowed,Allowed,Allowed,Allowed,Allowed,Allowed,,,Jan-22,N,N,
Exeter,Tulare,City,Prohibited,Prohibited,Prohibited,Prohibited,Prohibited,Prohibited,Prohibited,,,Jan-22,Y,Y,
Fairfax,Marin,City,Limited-Medical Only,Allowed,Prohibited ,Prohibited ,Prohibited ,Prohibited ,Prohibited,,,Jan-22,N,N,
Fairfield,Solano,City,Allowed,Allowed,Prohibited,Allowed,Prohibited,Allowed,Prohibited,,,Jan-22,N,N,
Farmersville,Tulare,City,Allowed,Prohibited,Allowed,Allowed,Limited,Allowed,Allowed,Cultivation: Indoor only,,Jan-22,N,N,
Ferndale,Humboldt,City,Prohibited,Prohibited,Prohibited,Prohibited,Prohibited,Prohibited,Prohibited,,,Jan-22,Y,Y,
Fillmore,Ventura,City,Prohibited,Prohibited,Prohibited,Prohibited,Prohibited,Prohibited,Prohibited,,,Jan-22,Y,Y,
Firebaugh,Fresno,City,Allowed,Allowed,Allowed,Allowed,Allowed,Allowed,Silent,,Micro: Silent,Jan-22,N,N,
Folsom,Sacramento,City,Prohibited,Prohibited,Prohibited,Prohibited,Prohibited,Prohibited,Prohibited,,,Jan-22,Y,Y,
Fontana,San Bernardino,City,Prohibited,Prohibited,Prohibited,Prohibited,Prohibited,Prohibited,Prohibited,,,Jan-22,Y,Y,
Fort Bragg,Mendocino,City,Allowed,Allowed,Allowed,Allowed,Limited,Allowed,Silent,Cultivation: Indoor only,Micro: Silent,Jan-22,N,N,
Fort Jones,Siskiyou,City,Prohibited,Prohibited,Prohibited,Prohibited,Prohibited,Prohibited,Prohibited,,,Jan-22,Y,Y,
Fortuna,Humboldt,City,Prohibited,Prohibited,Prohibited,Prohibited,Prohibited,Prohibited,Prohibited,,,Jan-22,Y,Y,
Foster City,San Mateo,City,Prohibited,Prohibited,Prohibited,Prohibited,Prohibited,Allowed,Prohibited,,Allows delivery from outside jurisdiction,Jan-22,N,Y,
Fountain Valley,Orange,City,Prohibited,Prohibited,Prohibited,Prohibited,Prohibited,Prohibited,Prohibited,,,Jan-22,Y,Y,
Fowler,Fresno,City,Prohibited ,Prohibited ,Prohibited ,Prohibited ,Prohibited ,Prohibited ,Prohibited ,,,Jan-22,Y,Y,
Fremont,Alameda,City,Prohibited,Prohibited,Prohibited,Prohibited,Prohibited,Prohibited,Prohibited,,,Jan-22,Y,Y,
Fresno,Fresno,City,Allowed,Limited,Allowed,Allowed,Limited,Allowed ,Allowed,"Retail (Non-storefront): Must be part of a storefront
Cultivation: Indoor only",,Jan-22,N,N,
Fullerton,Orange,City,Limited,Limited,Limited,Limited,Limited,Allowed,Limited,"Retail (all): Limit 2 total
Distribution: Limit 5
Manufacturer: Limit 5
Cultivation: Limit 5; indoor only
Microbusiness: Limit 2",,Jan-22,N,N,
Galt,Sacramento,City,Prohibited,Prohibited,Prohibited,Prohibited,Prohibited,Prohibited,Prohibited,,,Jan-22,Y,Y,
Garden Grove,Orange,City,Prohibited,Prohibited,Prohibited,Prohibited,Prohibited,Prohibited,Prohibited,,"Distribution, Manufacturing, Testing, Micro: Silent",Jan-22,Y,Y,
Gardena,Los Angeles,City,Prohibited,Prohibited,Prohibited,Prohibited,Prohibited ,Prohibited,Prohibited,,,Jan-22,Y,Y,
Gilroy,Santa Clara,City,Prohibited,Prohibited,Prohibited,Prohibited,Prohibited,Prohibited,Prohibited,,,Jan-22,Y,Y,
Glendale,Los Angeles,City,Prohibited,Prohibited,Prohibited,Prohibited,Prohibited,Prohibited,Prohibited,,,Jan-22,Y,Y,
Glendora,Los Angeles,City,Prohibited,Prohibited,Prohibited,Prohibited,Prohibited,Prohibited,Prohibited,,,Jan-22,Y,Y,
Goleta,Santa Barbara,City,Allowed,Allowed,Allowed,Allowed,Limited,Allowed,Allowed,Cultivation: Indoor only,,Jan-22,N,N,
Gonzales,Monterey,City,Prohibited,Prohibited,Prohibited,Limited-Medical Only,Limited-Medical Only,Prohibited,Prohibited,,"Distribution, Testing, Micro: Silent",Jan-22,N,Y,
Grand Terrace,San Bernardino,City,Prohibited,Prohibited,Prohibited,Prohibited,Prohibited,Prohibited,Prohibited,,,Jan-22,Y,Y,
Grass Valley,Nevada,City,Limited,Limited,Limited,Limited,Limited,Limited,Silent,"Retail (storefront): Limit of 2 licensees
Retail (delivery): Limit of 3 licensees
Distributor: Limit of 5 licensees
Manufacturer and/or Processor: Limit of 10 total
Nursery: Limit of 2
Testing: Limit of 2",Micro: Silent,Jan-22,N,N,
Greenfield,Monterey,City,Allowed ,Allowed,Allowed ,Allowed ,Limited,Allowed ,Silent,Cultivation: Indoor only,Micro: Silent,Jan-22,N,N,
Gridley,Butte,City,Prohibited,Prohibited,Prohibited,Prohibited,Prohibited,Prohibited,Prohibited,,,Jan-22,Y,Y,
Grover Beach,San Luis Obispo,City,Allowed,Allowed,Allowed,Allowed,Allowed,Allowed,Allowed,,,Jan-22,N,N,
Guadalupe,Santa Barbara,City,Allowed,Allowed,Allowed,Allowed,Limited,Allowed,Limited,"Cultivation: Processor only
Microbusiness: No cultivation",,Jan-22,N,N,
Gustine,Merced,City,Allowed,Allowed,Allowed,Allowed,Limited,Prohibited,Allowed,Cultivation: Indoor only,Testing: Silent,Jan-22,N,N,
Half Moon Bay,San Mateo,City,Prohibited,Prohibited,Prohibited,Prohibited,Limited,Prohibited,Prohibited,Cultivation: Nursery Only,,Jan-22,N,Y,
Hanford,Kings,City,Allowed,Allowed,Allowed,Allowed,Limited,Allowed,Allowed,Cultivation: Indoor only,,Jan-22,N,N,
Hawaiian Gardens,Los Angeles,City,Prohibited,Prohibited,Prohibited,Prohibited,Prohibited,Prohibited,Prohibited,,,Jan-22,Y,Y,
Hawthorne,Los Angeles,City,Prohibited,Prohibited,Prohibited,Prohibited,Prohibited,Prohibited,Prohibited,,Retail (storefront): City is in the process of developing an ordinance after tax measure approved in 2020,Jan-22,Y,Y,
Hayward,Alameda,City,Allowed ,Allowed,Allowed,Allowed,Allowed,Allowed,Allowed,,,Jan-22,N,N,
Healdsburg,Sonoma,City,Prohibited,Prohibited ,Prohibited ,Prohibited ,Prohibited ,Prohibited ,Prohibited ,,Retail (storefront): City is planning further discussions or bond meausre in 2022. ,Jan-22,Y,Y,
Hemet,Riverside,City,Allowed,Allowed,Allowed,Allowed,Limited,Allowed,Allowed,Cultivation: Indoor only,,Jan-22,N,N,
Hercules,Contra Costa,City,Prohibited,Prohibited,Prohibited,Prohibited,Prohibited,Prohibited,Prohibited,,,Jan-22,Y,Y,
Hermosa Beach,Los Angeles,City,Prohibited,Prohibited,Prohibited,Prohibited,Prohibited,Prohibited,Prohibited,,,Jan-22,Y,Y,
Hesperia,San Bernardino,City,Prohibited,Limited-Medical Only,Prohibited ,Prohibited,Prohibited,Prohibited,Prohibited,,,Jan-22,N,N,
Hidden Hills,Los Angeles,City,Prohibited,Prohibited,Prohibited,Prohibited,Prohibited,Prohibited,Prohibited,,,Jan-22,Y,Y,
Highland,San Bernardino,City,Prohibited,Prohibited,Prohibited,Prohibited,Prohibited,Prohibited,Prohibited,,,Jan-22,Y,Y,
Hillsborough,San Mateo,City,Prohibited,Prohibited,Prohibited,Prohibited,Prohibited,Prohibited,Prohibited,,Allows delivery from outside jurisdiction,Jan-22,Y,Y,
Hollister,San Benito,City,Limited-Medical Only,Limited,Allowed,Allowed,Limited,Allowed,Silent ,"Retail (Non-storefront): delivery from storefronts only
Cultivation: Indoor only",Micro: Silent,Jan-22,N,N,
Holtville,Imperial,City,Prohibited,Prohibited,Prohibited,Prohibited,Prohibited,Prohibited,Prohibited,,"Retail (storefront): Silent on adult use, medicinal banned
Retail (Non-storefront), Distribution, Manufacturing, Cultivation, Testing, Micro: Silent
Distribution: Silent
Manufacturing: Silent",Jan-22,Y,Y,
Hughson,Stanislaus,City,Prohibited,Prohibited,Prohibited,Prohibited,Prohibited,Prohibited,Prohibited,,,Jan-22,Y,Y,
Huntington Beach,Orange,City,Prohibited,Prohibited,Prohibited,Prohibited,Prohibited,Prohibited,Prohibited,,,Jan-22,Y,Y,
Huntington Park,Los Angeles,City,Limited-Medical Only,Limited,Prohibited,Allowed,Allowed,Prohibited,Allowed,Retail (Non-storefront): delivery from storefronts only,"Distribution, Testing: Silent",Jan-22,N,N,
Huron,Fresno,City,Prohibited,Prohibited,Prohibited,Prohibited,Prohibited,Prohibited,Prohibited,,,Jan-22,Y,Y,
Imperial,Imperial,City,Limited,Prohibited,Prohibited,Prohibited,Prohibited,Prohibited,Prohibited,Retail (storefront): Limit 1 licensee,,Jan-22,N,N,
Imperial Beach,San Diego,City,Allowed,Allowed,Prohibited,Prohibited,Prohibited,Prohibited,Prohibited,,,Jan-22,N,N,
Indian Wells,Riverside,City,Prohibited,Prohibited,Prohibited,Prohibited,Prohibited,Prohibited,Prohibited,,,Jan-22,Y,Y,
Indio,Riverside,City,Prohibited,Prohibited,Prohibited,Prohibited,Prohibited,Prohibited,Prohibited,,,Jan-22,Y,Y,
Industry,Los Angeles,City,Prohibited,Prohibited,Prohibited,Prohibited,Prohibited,Prohibited,Prohibited,,,Jan-22,Y,Y,
Inglewood,Los Angeles,City,Prohibited ,Prohibited ,Prohibited ,Prohibited ,Prohibited ,Prohibited ,Prohibited ,,,Jan-22,Y,Y,
Ione,Amador,City,Prohibited,Prohibited,Prohibited,Prohibited,Prohibited,Prohibited,Prohibited,,,Jan-22,Y,Y,
Irvine,Orange,City,Prohibited,Prohibited,Prohibited,Prohibited,Prohibited,Allowed,Prohibited,,,Jan-22,N,Y,
Irwindale,Los Angeles,City,Prohibited,Prohibited,Prohibited,Prohibited,Prohibited,Prohibited,Prohibited,,,Jan-22,Y,Y,
Isleton,Sacramento,City,Allowed,Allowed,Allowed,Allowed,Limited,Allowed,Allowed,Cultivation: Indoor only,,Jan-22,N,N,
Jackson,Amador,City,Prohibited,Prohibited,Prohibited,Prohibited,Prohibited,Prohibited,Prohibited,,,Jan-22,Y,Y,
Jurupa Valley,Riverside,City,Allowed,Prohibited,Allowed,Allowed,Limited,Allowed,Allowed,Cultivation: Indoor only,Non-storefront: Silent,Jan-22,N,N,
Kerman,Fresno,City,Prohibited,Prohibited,Prohibited,Prohibited,Prohibited,Prohibited,Prohibited,,,Jan-22,Y,Y,
King City,Monterey,City,Allowed,Allowed,Allowed,Allowed,Limited,Allowed,Allowed ,Cultivation: Indoor only,,Jan-22,N,N,
Kingsburg,Fresno,City,Prohibited,Prohibited,Prohibited,Prohibited,Prohibited,Prohibited,Prohibited,,,Jan-22,Y,Y,
La Canada Flintridge ,Los Angeles,City,Prohibited,Prohibited,Prohibited,Prohibited,Prohibited,Prohibited,Prohibited,,,Jan-22,Y,Y,
La Habra,Orange,City,Prohibited,Allowed,Allowed,Prohibited,Prohibited,Allowed,Prohibited,,,Jan-22,N,N,
La Habra Heights,Los Angeles,City,Prohibited,Prohibited,Prohibited,Prohibited,Prohibited,Prohibited,Prohibited,,,Jan-22,Y,Y,
La Mesa,San Diego,City,Allowed,Prohibited,Allowed,Allowed,Allowed,Allowed,Silent,,Micro: Silent,Jan-22,N,N,
La Mirada,Los Angeles,City,Prohibited,Prohibited,Prohibited,Prohibited,Prohibited,Prohibited,Prohibited,,,Jan-22,Y,Y,
La Palma,Orange,City,Prohibited,Prohibited,Prohibited,Prohibited,Prohibited,Prohibited,Prohibited,,,Jan-22,Y,Y,
La Puente,Los Angeles,City,Prohibited,Prohibited,Prohibited,Prohibited,Prohibited,Prohibited,Prohibited,,,Jan-22,Y,Y,
La Quinta,Riverside,City,Prohibited,Limited-Medical Only,Prohibited,Prohibited,Prohibited,Prohibited,Prohibited,,,Jan-22,N,N,
La Verne,Los Angeles,City,Prohibited,Prohibited,Prohibited,Prohibited,Prohibited,Prohibited,Prohibited,,,Jan-22,Y,Y,
Lafayette,Contra Costa,City,Prohibited,Prohibited,Prohibited,Prohibited,Prohibited,Prohibited,Prohibited,,Allows delivery from outside jurisdiction,Jan-22,Y,Y,
Laguna Beach,Orange,City,Prohibited,Prohibited,Prohibited,Prohibited,Prohibited,Prohibited,Prohibited,,"Manufacturing, Testing, Micro: Silent",Jan-22,Y,Y,
Laguna Hills ,Orange,City,Prohibited,Prohibited,Prohibited,Prohibited,Prohibited,Prohibited,Prohibited,,,Jan-22,Y,Y,
Laguna Niguel,Orange,City,Prohibited,Prohibited,Prohibited,Prohibited,Prohibited,Prohibited,Prohibited,,,Jan-22,Y,Y,
Laguna Woods,Orange,City,Prohibited,Prohibited,Prohibited,Prohibited,Prohibited,Prohibited,Prohibited,,Allows delivery from outside jurisdiction,Jan-22,Y,Y,
Lake Elsinore,Riverside,City,Allowed,Prohibited,Allowed,Allowed,Limited,Allowed,Silent,Cultivation: Indoor only,Micro: Silent,Jan-22,N,N,
Lake Forest,Orange,City,Prohibited,Prohibited,Prohibited,Prohibited,Prohibited,Allowed,Prohibited,,,Jan-22,N,Y,
Lakeport,Lake,City,Prohibited,Allowed,Allowed,Allowed,Limited,Allowed,Allowed ,Cultivation: Indoor only,,Jan-22,N,N,
Lakewood,Los Angeles,City,Prohibited,Prohibited,Prohibited,Prohibited,Prohibited,Prohibited,Prohibited,,,Jan-22,Y,Y,
Lancaster,Los Angeles,City,Allowed,Limited,Allowed,Allowed,Allowed,Allowed,Silent,Retail (Non-storefront): Delivery from storefront retail only,Micro: Silent,Jan-22,N,N,
Larkspur,Marin,City,Prohibited,Prohibited,Prohibited,Prohibited,Prohibited,Prohibited,Prohibited,,Allows delivery from outside jurisdiction,Jan-22,Y,Y,
Lathrop,San Joaquin,City,Limited,Prohibited,Prohibited,Prohibited,Prohibited,Prohibited,Prohibited,Retail (Storefront):  Limit 1 licensee,,Jan-22,N,N,
Lawndale,Los Angeles,City,Prohibited,Prohibited,Prohibited,Prohibited,Prohibited,Prohibited,Prohibited,,,Jan-22,Y,Y,
Lemon Grove,San Diego,City,Allowed,Allowed,Allowed,Allowed,Allowed,Prohibited,Prohibited,,"Testing, Micro: Silent",Jan-22,N,N,
Lemoore,Kings,City,Allowed,Allowed,Allowed,Allowed,Allowed,Allowed,Silent,,Micro: Silent,Jan-22,N,N,
Lincoln,Placer,City,Prohibited,Prohibited,Prohibited,Prohibited,Prohibited,Prohibited,Prohibited,,,Jan-22,Y,Y,
Lindsay,Tulare,City,Allowed,Limited,Allowed,Allowed,Limited,Allowed,Silent,"Retail (Non-storefront): Delivery from storefront only
Cultivation: Indoor only",Micro: Silent,Jan-22,N,N,
Live Oak,Sutter,City,Prohibited,Prohibited,Prohibited,Prohibited,Prohibited,Prohibited,Prohibited,,,Jan-22,Y,Y,
Livermore,Alameda,City,Prohibited,Prohibited,Prohibited,Prohibited,Prohibited,Prohibited,Prohibited,,Allows delivery from outside jurisdiction,Jan-22,Y,Y,
Livingston,Merced,City,Prohibited,Prohibited,Prohibited,Allowed,Limited,Allowed ,Limited,"Cultivation: Indoor only
Microbusiness: No retail","Allows delivery from outside jurisdiction
Distribution: Silent",Jan-22,N,Y,
Lodi,San Joaquin,City,Prohibited,Prohibited,Prohibited,Prohibited,Prohibited,Prohibited,Prohibited,,,Jan-22,Y,Y,
Loma Linda,San Bernardino,City,Prohibited ,Prohibited ,Prohibited ,Prohibited ,Prohibited ,Prohibited ,Prohibited ,,,Jan-22,Y,Y,
Lomita,Los Angeles,City,Prohibited,Prohibited,Prohibited,Prohibited,Prohibited,Prohibited,Prohibited,,,Jan-22,Y,Y,
Lompoc,Santa Barbara,City,Allowed,Allowed,Allowed,Allowed,Limited,Allowed,Allowed,Cultivation: Indoor only,,Jan-22,N,N,
Long Beach,Los Angeles,City,Allowed ,Allowed,Allowed,Allowed,Allowed,Allowed,Allowed,,,Jan-22,N,N,
Loomis,Placer,City,Prohibited,Prohibited,Prohibited,Prohibited,Prohibited,Prohibited,Prohibited,,,Jan-22,Y,Y,
Los Alamitos,Orange,City,Prohibited,Prohibited,Prohibited,Prohibited,Prohibited,Prohibited,Prohibited,,,Jan-22,Y,Y,
Los Altos,Santa Clara,City,Prohibited,Prohibited,Prohibited,Prohibited,Prohibited,Prohibited,Prohibited,,Allows delivery from outside jurisdiction,Jan-22,Y,Y,
Los Altos Hills,Santa Clara,City,Prohibited,Prohibited,Prohibited,Prohibited,Prohibited,Prohibited,Prohibited,,,Jan-22,Y,Y,
Los Angeles,Los Angeles,City,Allowed,Allowed,Allowed,Allowed,Allowed,Allowed,Allowed,,,Jan-22,N,N,
Los Banos,Merced,City,Prohibited,Prohibited,Prohibited,Prohibited,Prohibited,Prohibited,Prohibited,,,Jan-22,Y,Y,
Los Gatos,Santa Clara,City,Prohibited,Prohibited,Prohibited,Prohibited,Prohibited,Prohibited,Prohibited,,Allows delivery from outside jurisdiction,Jan-22,Y,Y,
Loyalton,Sierra,City,Prohibited,Prohibited,Prohibited,Prohibited,Prohibited,Prohibited,Prohibited,,,Jan-22,Y,Y,
Lynwood,Los Angeles,City,Prohibited,Allowed ,Allowed,Allowed ,Limited,Allowed ,Allowed ,Cultivation: Indoor only,,Jan-22,N,N,
Madera,Madera,City,Prohibited,Prohibited,Prohibited,Prohibited,Prohibited,Prohibited,Prohibited,,,Jan-22,Y,Y,
Malibu,Los Angeles,City,Allowed,Allowed,Prohibited,Prohibited,Prohibited,Prohibited,Prohibited,,,Jan-22,N,N,
Mammoth Lakes,Mono,City,Allowed,Prohibited,Allowed,Limited,Limited,Allowed,Allowed,"Manufacturing: Non-volatile only
Cultivation: Indoor only",,Jan-22,N,N,
Manhattan Beach,Los Angeles,City,Prohibited,Prohibited,Prohibited,Prohibited,Prohibited,Prohibited,Prohibited,,,Jan-22,Y,Y,
Manteca,San Joaquin,City,Prohibited,Prohibited,Prohibited,Prohibited,Prohibited,Prohibited,Prohibited,,,Jan-22,Y,Y,
Maricopa,Kern,City,Prohibited,Prohibited,Prohibited,Prohibited,Prohibited,Prohibited,Prohibited,,,Jan-22,Y,Y,
Marina,Monterey,City,Allowed,Allowed,Allowed,Allowed,Allowed,Allowed,Allowed,,,Jan-22,N,N,
Martinez,Contra Costa,City,Allowed,Allowed,Allowed,Allowed,Prohibited,Allowed,Silent,,Micro: Silent,Jan-22,N,N,
Marysville,Yuba,City,Allowed ,Allowed,Allowed,Allowed,Limited,Allowed,Allowed,Cultivation: Indoor only,,Jan-22,N,N,
Maywood,Los Angeles,City,Limited,Limited,Limited,Limited,Limited,Limited,Limited,Pre-existing licenses only,,Jan-22,N,N,
McFarland,Kern,City,Prohibited,Prohibited,Prohibited,Prohibited,Prohibited,Prohibited,Prohibited,,,Jan-22,Y,Y,
Mendota,Fresno,City,Allowed,Allowed,Allowed,Allowed,Allowed,Allowed,Allowed,,,Jan-22,N,N,
Menifee,Riverside,City,Prohibited,Prohibited,Prohibited,Prohibited,Prohibited,Prohibited,Prohibited,,,Jan-22,Y,Y,
Menlo Park,San Mateo,City,Prohibited,Prohibited,Prohibited,Prohibited,Prohibited,Prohibited,Prohibited,,Allows delivery from outside jurisdiction,Jan-22,Y,Y,
Merced,Merced,City,Allowed,Allowed ,Allowed,Allowed,Limited,Allowed,Silent,Cultivation: Indoor only,Micro: Silent,Jan-22,N,N,
Mill Valley,Marin,City,Prohibited,Prohibited,Prohibited,Prohibited,Prohibited,Prohibited,Prohibited,,Allows medical delivery from outside jurisdiction,Jan-22,Y,Y,
Millbrae,San Mateo,City,Prohibited,Prohibited,Prohibited,Prohibited,Prohibited,Prohibited,Prohibited,,,Jan-22,Y,Y,
Milpitas,Santa Clara,City,Prohibited,Prohibited,Prohibited,Prohibited,Prohibited,Prohibited,Prohibited,,,Jan-22,Y,Y,
Mission Viejo,Orange,City,Prohibited,Prohibited,Prohibited,Prohibited,Prohibited,Prohibited,Prohibited,,,Jan-22,Y,Y,
Modesto,Stanislaus,City,Allowed,Allowed,Allowed,Allowed,Allowed,Allowed,Allowed,,,Jan-22,N,N,
Monrovia,Los Angeles,City,Prohibited,Prohibited,Prohibited,Prohibited,Prohibited,Allowed,Prohibited,,,Jan-22,N,Y,
Montague,Siskiyou,City,Prohibited,Prohibited,Prohibited,Prohibited,Prohibited,Prohibited,Prohibited,,,Jan-22,Y,Y,
Montclair,San Bernardino,City,Prohibited,Prohibited,Prohibited,Prohibited,Prohibited,Prohibited,Prohibited,,,Jan-22,Y,Y,
Monte Sereno,Santa Clara,City,Prohibited,Prohibited,Prohibited,Prohibited,Prohibited,Prohibited,Prohibited,,Allows medical delivery from outside jurisdiction,Jan-22,Y,Y,
Montebello,Los Angeles,City,Prohibited,Allowed,Allowed,Allowed,Allowed,Allowed,Silent,,Micro: Silent,Jan-22,N,N,
Monterey,Monterey,City,Prohibited,Prohibited,Prohibited,Prohibited,Prohibited,Allowed,Prohibited,,,Jan-22,N,Y,
Monterey Park,Los Angeles,City,Prohibited,Prohibited,Prohibited,Prohibited,Prohibited,Prohibited,Prohibited,,,Jan-22,Y,Y,
Moorpark,Ventura,City,Prohibited,Prohibited,Prohibited,Prohibited,Prohibited,Prohibited,Prohibited,,,Jan-22,Y,Y,
Moraga,Contra Costa,City,Prohibited,Prohibited,Prohibited,Prohibited,Prohibited,Prohibited,Prohibited,,,Jan-22,Y,Y,
Moreno Valley,Riverside,City,Allowed ,Allowed ,Allowed ,Allowed ,Allowed,Allowed ,Allowed ,,,Jan-22,N,N,
Morgan Hill,Santa Clara,City,Prohibited,Prohibited,Prohibited,Prohibited,Prohibited,Prohibited,Prohibited,,Testing: Silent,Jan-22,Y,Y,
Morro Bay,San Luis Obispo,City,Allowed,Allowed,Allowed,Prohibited,Prohibited,Prohibited,Prohibited,,,Jan-22,N,N,
Mount Shasta,Siskiyou,City,Allowed,Limited-Medical Only,Allowed,Allowed,Allowed,Allowed,Silent,,Micro: Silent,Jan-22,N,N,
Mountain View,Santa Clara,City,Allowed,Allowed,Prohibited,Prohibited,Prohibited,Prohibited,Prohibited,,,Jan-22,N,N,
Murrieta,Riverside,City,Prohibited,Prohibited,Prohibited,Prohibited,Prohibited,Allowed,Prohibited,,,Jan-22,N,Y,
Napa,Napa,City,Limited-Medical Only,Limited-Medical Only,Prohibited,Allowed,Prohibited,Prohibited,Prohibited,,,Jan-22,N,N,
National City,San Diego,City,Allowed,Allowed,Allowed,Allowed,Allowed,Allowed,Allowed,,,Jan-22,N,N,
Needles,San Bernardino,City,Allowed,Allowed,Allowed,Allowed,Allowed,Allowed,Allowed,,,Jan-22,N,N,
Nevada City,Nevada,City,Allowed ,Allowed,Allowed,Allowed,Limited,Allowed,Silent,Cultivation: Indoor only,Micro: Silent,Jan-22,N,N,
Newark,Alameda,City,Prohibited,Prohibited,Prohibited,Prohibited,Prohibited,Prohibited,Prohibited,,,Jan-22,Y,Y,
Newman,Stanislaus,City,Prohibited,Prohibited,Prohibited,Prohibited,Prohibited,Prohibited,Prohibited,,,Jan-22,Y,Y,
Newport Beach,Orange,City,Prohibited,Prohibited,Prohibited,Prohibited,Prohibited,Prohibited,Prohibited,,,Jan-22,Y,Y,
Norco,Riverside,City,Prohibited,Prohibited,Prohibited,Prohibited,Prohibited,Prohibited,Prohibited,,Testing: Silent,Jan-22,Y,Y,
Norwalk,Los Angeles,City,Prohibited ,Prohibited,Prohibited,Prohibited,Prohibited,Prohibited,Prohibited,,,Jan-22,Y,Y,
Novato,Marin,City,Prohibited,Allowed,Allowed,Allowed,Limited,Allowed ,Allowed,Cultivation: Indoor only,,Jan-22,N,N,
Oakdale,Stanislaus,City,Allowed ,Prohibited,Allowed,Allowed,Allowed,Allowed,Silent,,Micro: Silent,Jan-22,N,N,
Oakland,Alameda,City,Allowed ,Allowed,Allowed,Allowed,Allowed,Allowed,Allowed,,,Jan-22,N,N,
Oakley,Contra Costa,City,Prohibited,Prohibited,Prohibited,Prohibited,Prohibited,Prohibited,Prohibited,,"Distribution, Manufacturing, Testing, Micro: Silent",Jan-22,Y,Y,
Oceanside,San Diego,City,Prohibited,Allowed,Allowed,Allowed,Allowed,Allowed,Silent,,Micro: Silent,Jan-22,N,N,
Ojai,Ventura,City,Allowed,Allowed,Prohibited,Allowed,Prohibited,Allowed,Allowed,,Distribution: Silent,Jan-22,N,N,
Ontario,San Bernardino,City,Prohibited,Prohibited,Prohibited,Prohibited,Prohibited,Prohibited,Prohibited,,,Jan-22,Y,Y,
Orange,Orange,City,Prohibited,Prohibited,Prohibited,Prohibited,Prohibited,Prohibited,Prohibited,,,Jan-22,Y,Y,
Orange Cove,Fresno,City,Prohibited,Prohibited,Prohibited,Prohibited,Prohibited,Prohibited,Prohibited,,,Jan-22,Y,Y,
Orinda,Contra Costa,City,Prohibited,Prohibited,Prohibited,Prohibited,Prohibited,Prohibited,Prohibited,,,Jan-22,Y,Y,
Orland,Glenn,City,Prohibited,Prohibited,Prohibited,Prohibited,Prohibited,Prohibited,Prohibited,,Testing: Silent,Jan-22,Y,Y,
Oroville,Butte,City,Prohibited,Prohibited,Prohibited,Prohibited,Prohibited,Prohibited,Prohibited,,,Jan-22,Y,Y,
Oxnard,Ventura,City,Allowed,Allowed,Allowed,Allowed,Prohibited,Allowed,Silent,,Micro: Silent,Jan-22,N,N,
Pacific Grove,Monterey,City,Prohibited,Prohibited,Prohibited,Prohibited,Prohibited,Prohibited,Prohibited,,Retail (Storefront): City passed ordinance to allow but approval is pending a referendum,Jan-22,Y,Y,
Pacifica,San Mateo,City,Allowed ,Limited,Allowed ,Allowed ,Prohibited,Allowed,Silent,Retail (Non-Storefront): Delivery from storefront only,Micro: Silent,Jan-22,N,N,
Palm Desert,Riverside,City,Allowed,Allowed,Allowed,Allowed,Allowed,Allowed,Silent,,Micro: Silent,Jan-22,N,N,
Palm Springs,Riverside,City,Allowed,Allowed,Allowed,Allowed,Allowed,Allowed ,Silent,,Micro: Silent,Jan-22,N,N,
Palmdale,Los Angeles,City,Prohibited,Prohibited,Prohibited,Prohibited,Prohibited,Prohibited,Prohibited,,,Jan-22,Y,Y,
Palo Alto,Santa Clara,City,Prohibited,Prohibited,Prohibited,Prohibited,Prohibited,Prohibited,Prohibited,,,Jan-22,Y,Y,
Palos Verdes Estates,Los Angeles,City,Prohibited,Prohibited,Prohibited,Prohibited,Prohibited,Prohibited,Prohibited,,,Jan-22,Y,Y,
Paradise,Butte,City,Prohibited,Prohibited,Prohibited,Prohibited,Prohibited,Prohibited,Prohibited,,,Jan-22,Y,Y,
Paramount,Los Angeles,City,Prohibited,Prohibited,Prohibited,Prohibited,Prohibited,Prohibited,Prohibited,,,Jan-22,Y,Y,
Parlier,Fresno,City,Prohibited,Prohibited,Allowed,Allowed,Allowed,Allowed,Silent,,Micro: Silent,Jan-22,N,Y,
Pasadena,Los Angeles,City,Allowed,Allowed,Allowed,Allowed,Allowed,Allowed,Silent,,Micro: Silent,Jan-22,N,N,
Paso Robles,San Luis Obispo,City,Prohibited,Prohibited,Prohibited,Prohibited,Prohibited,Prohibited,Prohibited,,,Jan-22,Y,Y,
Patterson,Stanislaus,City,Allowed ,Prohibited,Allowed,Allowed ,Limited,Allowed ,Allowed,Cultivation: Indoor only,,Jan-22,N,N,
Perris,Riverside,City,Allowed,Allowed,Allowed,Allowed,Limited,Allowed,Prohibited,Cultivation: Indoor only,,Jan-22,N,N,
Petaluma,Sonoma,City,Prohibited,Allowed ,Allowed ,Allowed ,Prohibited,Allowed,Silent,,Micro: Silent,Jan-22,N,N,
Pico Rivera,Los Angeles,City,Prohibited,Prohibited,Prohibited,Prohibited,Prohibited,Prohibited,Prohibited,,,Jan-22,Y,Y,
Piedmont,Alameda,City,Prohibited,Prohibited,Prohibited,Prohibited,Prohibited,Prohibited,Prohibited,,,Jan-22,Y,Y,
Pinole,Contra Costa,City,Prohibited,Prohibited,Prohibited,Prohibited,Prohibited,Prohibited,Prohibited,,,Jan-22,Y,Y,
Pismo Beach,San Luis Obispo,City,Prohibited,Prohibited,Prohibited,Prohibited,Prohibited,Prohibited,Prohibited,,,Jan-22,Y,Y,
Pittsburg,Contra Costa,City,Prohibited,Prohibited,Allowed,Allowed,Prohibited,Allowed,Prohibited,,,Jan-22,N,Y,
Placentia,Orange,City,Prohibited,Prohibited,Prohibited,Prohibited,Prohibited,Prohibited,Prohibited,,,Jan-22,Y,Y,
Placerville,El Dorado,City,Allowed,Allowed,Allowed,Prohibited,Prohibited,Allowed,Allowed,,,Jan-22,N,N,
Pleasant Hill,Contra Costa,City,Prohibited,Limited-Medical Only,Prohibited,Prohibited,Prohibited,Prohibited,Prohibited,,,Jan-22,N,N,
Pleasanton,Alameda,City,Prohibited,Prohibited,Prohibited,Prohibited,Prohibited,Prohibited,Prohibited,,,Jan-22,Y,Y,
Plymouth,Amador,City,Prohibited,Prohibited,Prohibited,Prohibited,Prohibited,Prohibited,Prohibited,,,Jan-22,Y,Y,
Point Arena,Mendocino,City,Allowed ,Prohibited,Allowed,Allowed,Allowed,Allowed,Prohibited,,,Jan-22,N,N,
Pomona,Los Angeles,City,Allowed,Allowed,Allowed,Allowed,Limited,Allowed,Allowed,Cultivation: Indoor only,,Jan-22,N,N,
Port Hueneme,Ventura,City,Allowed,Allowed,Allowed,Allowed,Limited,Allowed,Allowed,Cultivation: Indoor only,,Jan-22,N,N,
Porterville,Tulare,City,Allowed,Limited,Prohibited,Prohibited,Prohibited,Prohibited,Prohibited,Retail (Non-storefront): Delivery from storefronts only,,Jan-22,N,N,
Portola,Plumas,City,Prohibited,Prohibited,Prohibited,Prohibited,Prohibited,Prohibited,Prohibited,,Allows delivery from outside jurisdiction,Jan-22,Y,Y,
Portola Valley,San Mateo,City,Prohibited,Prohibited,Prohibited,Prohibited,Limited,Prohibited,Prohibited,Cultivation: Limit of 12 plants,,Jan-22,N,Y,
Poway,San Diego,City,Prohibited,Prohibited,Prohibited,Prohibited,Prohibited,Prohibited,Prohibited,,,Jan-22,Y,Y,
Rancho Cordova,Sacramento,City,Prohibited,Prohibited,Prohibited,Prohibited,Prohibited,Prohibited,Prohibited,,,Jan-22,Y,Y,
Rancho Cucamonga,San Bernardino,City,Prohibited,Prohibited,Prohibited,Prohibited,Prohibited,Prohibited,Prohibited,,,Jan-22,Y,Y,
Rancho Mirage,Riverside,City,Prohibited,Prohibited,Prohibited,Prohibited,Prohibited,Prohibited,Prohibited,,Allows delivery from outside jurisdiction,Jan-22,Y,Y,
Rancho Palos Verdes,Los Angeles,City,Prohibited,Prohibited,Prohibited,Prohibited,Prohibited,Prohibited,Prohibited,,,Jan-22,Y,Y,
Rancho Santa Margarita,Orange,City,Prohibited,Prohibited,Prohibited,Prohibited,Prohibited,Prohibited,Prohibited,,,Jan-22,Y,Y,
Red Bluff,Tehama,City,Prohibited,Prohibited,Prohibited,Prohibited,Prohibited,Prohibited,Prohibited,,,Jan-22,Y,Y,
Redding,Shasta,City,Allowed,Allowed,Allowed,Allowed,Limited,Allowed,Allowed,Cultivation: Indoor only,,Jan-22,N,N,
Redlands,San Bernardino,City,Prohibited,Prohibited,Prohibited,Prohibited,Prohibited,Prohibited,Prohibited,,,Jan-22,Y,Y,
Redondo Beach,Los Angeles,City,Prohibited,Prohibited,Prohibited,Prohibited,Prohibited,Prohibited,Prohibited,,,Jan-22,Y,Y,
Redwood City,San Mateo,City,Allowed,Allowed,Prohibited,Prohibited,Limited,Prohibited,Prohibited,Cultivation: Nursery Only,,Jan-22,N,N,
Reedley,Fresno,City,Prohibited,Prohibited,Prohibited,Prohibited,Prohibited,Prohibited,Prohibited,,,Jan-22,Y,Y,
Rialto,San Bernardino,City,Prohibited,Prohibited,Prohibited,Prohibited,Prohibited,Prohibited,Prohibited,,,Jan-22,Y,Y,
Richmond ,Contra Costa,City,Allowed,Allowed,Allowed,Allowed,Allowed,Allowed,Allowed,,,Jan-22,N,N,
Ridgecrest,Kern,City,Prohibited,Prohibited,Prohibited,Prohibited,Prohibited,Prohibited,Prohibited,,,Jan-22,Y,Y,
Rio Dell,Humboldt,City,Allowed,Prohibited,Allowed,Allowed,Allowed,Allowed,Silent,,"Retail (Non-storefront), Micro: Silent",Jan-22,N,N,
Rio Vista,Solano,City,Allowed ,Allowed,Allowed,Allowed,Limited,Allowed,Allowed,Cultivation: Indoor only,,Jan-22,N,N,
Ripon,San Joaquin,City,Prohibited,Prohibited,Prohibited,Prohibited,Prohibited,Prohibited,Prohibited,,,Jan-22,Y,Y,
Riverbank,Stanislaus,City,Allowed,Allowed,Prohibited,Prohibited,Limited,Allowed,Silent,Cultivation: Indoor only,"Distribution, Manufacturing, Micro: Silent",Jan-22,N,N,
Riverside,Riverside,City,Prohibited,Prohibited,Prohibited,Prohibited,Prohibited,Allowed,Prohibited,,,Jan-22,N,Y,
Rocklin,Placer,City,Prohibited,Prohibited,Prohibited,Prohibited,Prohibited,Prohibited,Prohibited,,,Jan-22,Y,Y,
Rohnert Park,Sonoma,City,Prohibited,Prohibited,Prohibited,Prohibited,Prohibited,Prohibited,Prohibited,,,Jan-22,Y,Y,
Rolling Hills,Los Angeles,City,Prohibited,Limited-Medical Only,Limited-Medical Only,Prohibited,Prohibited,Prohibited,Prohibited,,,Jan-22,N,N,
Rolling Hills Estates,Los Angeles,City,Prohibited,Prohibited,Prohibited,Prohibited,Prohibited,Prohibited,Prohibited,,,Jan-22,Y,Y,
Rosemead,Los Angeles,City,Prohibited,Prohibited,Prohibited,Prohibited,Prohibited,Prohibited,Prohibited,,,Jan-22,Y,Y,
Roseville,Placer,City,Prohibited,Prohibited,Prohibited,Prohibited,Prohibited,Prohibited,Prohibited,,,Jan-22,Y,Y,
Ross,Marin,City,Prohibited,Prohibited,Prohibited,Prohibited,Prohibited,Prohibited,Prohibited,,Allows medical delivery from outside jurisdiction,Jan-22,Y,Y,
Sacramento,Sacramento,City,Allowed,Allowed,Allowed,Allowed ,Limited,Allowed,Allowed,Cultivation: Indoor only,,Jan-22,N,N,
Salinas,Monterey,City,Allowed ,Allowed ,Allowed ,Allowed ,Limited,Allowed,Silent,Cultivation: Indoor only,Micro: Silent,Jan-22,N,N,
San Anselmo,Marin,City,Prohibited,Prohibited,Prohibited,Prohibited,Prohibited,Prohibited,Prohibited,,Allows medical delivery from outside jurisdiction,Jan-22,Y,Y,
San Bernardino,San Bernardino,City,Allowed,Allowed,Allowed,Allowed,Limited,Allowed,Allowed,Cultivation: Indoor only,,Jan-22,N,N,
San Bruno,San Mateo,City,Prohibited,Prohibited,Prohibited,Prohibited,Prohibited,Prohibited,Prohibited,,,Jan-22,Y,Y,
San Carlos,San Mateo,City,Prohibited,Prohibited,Allowed,Allowed,Allowed,Allowed,Limited,Microbusiness: No retail,Allows delivery from outside jurisdiction,Jan-22,N,Y,
San Clemente,Orange,City,Prohibited,Prohibited,Prohibited,Prohibited,Prohibited,Prohibited,Prohibited,,,Jan-22,Y,Y,
San Diego,San Diego,City,Allowed,Allowed,Allowed,Allowed,Allowed,Allowed,Silent,,Micro: Silent,Jan-22,N,N,
San Dimas,Los Angeles,City,Prohibited,Prohibited,Prohibited,Prohibited,Prohibited,Prohibited,Prohibited,,,Jan-22,Y,Y,
San Fernando,Los Angeles,City,Prohibited,Prohibited,Prohibited,Prohibited,Prohibited,Prohibited,Prohibited,,Allows medical delivery from outside jurisdiction,Jan-22,Y,Y,
San Francisco,San Francisco,City,Allowed,Allowed,Allowed,Allowed,Allowed,Allowed,Allowed,,,Jan-22,N,N,
San Gabriel,Los Angeles,City,Prohibited,Prohibited,Prohibited,Prohibited,Prohibited,Prohibited,Prohibited,,,Jan-22,Y,Y,
San Jacinto,Riverside,City,Allowed,Prohibited,Allowed,Allowed,Allowed,Allowed,Allowed,,Non-storefront: Silent,Jan-22,N,N,
San Joaquin,Fresno,City,Prohibited,Prohibited,Prohibited,Prohibited,Prohibited,Prohibited,Prohibited,,,Jan-22,Y,Y,
San Jose,Santa Clara,City,Limited,Limited,Allowed ,Allowed ,Limited,Allowed,Allowed,"Pre-existing operators only, must have registered with city prior to Dec 18, 2015",,Jan-22,N,N,
San Juan Bautista,San Benito,City,Allowed,Allowed,Allowed,Allowed,Allowed,Allowed,Allowed,,,Jan-22,N,N,
San Juan Capistrano,Orange,City,Prohibited,Prohibited,Prohibited,Prohibited,Prohibited,Prohibited,Prohibited,,,Jan-22,Y,Y,
San Leandro,Alameda,City,Allowed,Allowed,Allowed,Allowed,Prohibited,Allowed,Silent,,Micro: Silent,Jan-22,N,N,
San Luis Obispo,San Luis Obispo,City,Allowed,Allowed,Allowed,Allowed,Limited,Allowed,Allowed,Cultivation: Indoor only,,Jan-22,N,N,
San Marcos,San Diego,City,Prohibited,Prohibited,Prohibited,Prohibited,Prohibited,Prohibited,Prohibited,,,Jan-22,Y,Y,
San Marino,Los Angeles,City,Prohibited,Prohibited,Prohibited,Prohibited,Prohibited,Prohibited,Prohibited,,,Jan-22,Y,Y,
San Mateo,San Mateo,City,Prohibited,Prohibited,Prohibited,Prohibited,Prohibited,Prohibited,Prohibited,,Testing: Silent,Jan-22,Y,Y,
San Pablo,Contra Costa,City,Prohibited,Prohibited,Prohibited,Prohibited,Prohibited,Prohibited,Prohibited,,,Jan-22,Y,Y,
San Rafael,Marin,City,Prohibited,Allowed,Allowed,Limited,Prohibited,Allowed,Prohibited,Manufacturing: Type N only,,Jan-22,N,N,
San Ramon,Contra Costa,City,Prohibited,Prohibited,Prohibited,Prohibited,Prohibited,Prohibited,Prohibited,,,Jan-22,Y,Y,
Sand City,Monterey,City,Prohibited,Prohibited,Prohibited,Prohibited,Prohibited,Prohibited,Prohibited,,,Jan-22,Y,Y,
Sanger,Fresno,City,Prohibited,Prohibited,Prohibited,Prohibited,Prohibited,Prohibited,Prohibited,,,Jan-22,Y,Y,
Santa Ana,Orange,City,Allowed ,Allowed ,Allowed,Allowed,Allowed,Allowed,Allowed,,,Jan-22,N,N,
Santa Barbara,Santa Barbara,City,Allowed,Allowed,Allowed,Allowed,Limited,Allowed,Silent,Cultivation: Indoor only,Micro: Silent,Jan-22,N,N,
Santa Clara,Santa Clara,City,Prohibited,Prohibited,Prohibited,Prohibited,Prohibited,Prohibited,Prohibited,,,Jan-22,Y,Y,
Santa Clarita,Los Angeles,City,Prohibited,Prohibited,Prohibited,Prohibited,Prohibited,Prohibited,Prohibited,,Allows delivery from outside jurisdiction,Jan-22,Y,Y,
Santa Cruz,Santa Cruz,City,Allowed,Allowed,Allowed,Allowed,Allowed,Allowed,Allowed,,,Jan-22,N,N,
Santa Fe Springs,Los Angeles,City,Prohibited,Prohibited,Prohibited,Prohibited,Prohibited,Prohibited,Prohibited,,,Jan-22,Y,Y,
Santa Maria,Santa Barbara,City,Prohibited,Prohibited,Prohibited,Prohibited,Prohibited,Prohibited,Prohibited,,Allows medical delivery from outside jurisdiction,Jan-22,Y,Y,
Santa Monica,Los Angeles,City,Limited-Medical Only,Prohibited,Prohibited,Limited-Medical Only,Prohibited,Prohibited,Prohibited,,Retail (non-storefront): Silent on medical,Jan-22,N,N,
Santa Paula,Ventura,City,Prohibited,Prohibited,Prohibited,Prohibited,Prohibited,Allowed,Prohibited,,,Jan-22,N,Y,
Santa Rosa,Sonoma,City,Allowed,Allowed,Allowed,Allowed,Limited,Allowed,Allowed,Cultivation: Indoor only,,Jan-22,N,N,
Santee,San Diego,City,Prohibited,Prohibited,Prohibited,Prohibited,Prohibited,Prohibited,Prohibited,,Retail (storefront) - Measure to allow may be on 2022 ballot,Jan-22,Y,Y,
Saratoga,Santa Clara,City,Prohibited,Prohibited,Prohibited,Prohibited,Prohibited,Prohibited,Prohibited,,,Jan-22,Y,Y,
Sausalito,Marin,City,Prohibited,Prohibited,Prohibited,Prohibited,Prohibited,Prohibited,Prohibited,,Allows medical delivery from outside jurisdiction,Jan-22,Y,Y,
Scotts Valley,Santa Cruz,City,Prohibited,Prohibited,Prohibited,Prohibited,Prohibited,Prohibited,Prohibited,,,Jan-22,Y,Y,
Seal Beach,Orange,City,Prohibited,Prohibited,Prohibited,Prohibited,Prohibited,Prohibited,Prohibited,,,Jan-22,Y,Y,
Seaside,Monterey,City,Allowed ,Allowed,Allowed,Allowed,Allowed,Allowed,Silent,,Micro: Silent,Jan-22,N,N,
Sebastopol,Sonoma,City,Allowed ,Allowed ,Allowed ,Allowed ,Limited,Allowed ,Allowed ,Cultivation: Indoor only,,Jan-22,N,N,
Selma,Fresno,City,Prohibited,Prohibited,Prohibited,Prohibited,Prohibited,Prohibited,Prohibited,,,Jan-22,Y,Y,
Shafter,Kern,City,Prohibited,Prohibited,Prohibited,Prohibited,Prohibited,Prohibited,Prohibited,,,Jan-22,Y,Y,
Shasta Lake,Shasta,City,Allowed ,Allowed,Allowed,Allowed ,Limited,Allowed,Silent,Cultivation: Indoor only,Micro: Silent,Jan-22,N,N,
Sierra Madre,Los Angeles,City,Prohibited,Prohibited,Prohibited,Prohibited,Prohibited,Prohibited,Prohibited,,,Jan-22,Y,Y,
Signal Hill,Los Angeles,City,Prohibited,Prohibited,Prohibited,Prohibited,Prohibited,Prohibited,Prohibited,,Retail (Storefront): Ballot measure pending in 2022,Jan-22,Y,Y,
Simi Valley,Ventura,City,Prohibited,Prohibited,Prohibited,Prohibited,Prohibited,Prohibited,Prohibited,,,Jan-22,Y,Y,
Solana Beach,San Diego,City,Prohibited,Prohibited,Prohibited,Prohibited,Prohibited,Prohibited,Prohibited,,,Jan-22,Y,Y,
Soledad,Monterey,City,Prohibited,Prohibited,Prohibited,Prohibited,Prohibited,Prohibited,Prohibited,,,Jan-22,Y,Y,
Solvang,Santa Barbara,City,Limited-Medical Only,Limited-Medical Only,Limited-Medical Only,Limited-Medical Only,Limited-Medical Only,Limited-Medical Only,Limited-Medical Only,,,Jan-22,N,N,
Sonoma,Sonoma,City,Allowed,Allowed,Allowed,Limited,Prohibited,Allowed,Prohibited,Manufacturing: Type N or P only,,Jan-22,N,N,
Sonora,Tuolumne,City,Limited,Limited,Prohibited,Allowed,Prohibited,Allowed,Prohibited,"Retail (Storefront): Limit 3
Retail (Non-storefront): Delivery from storefront only",,Jan-22,N,N,
South El Monte,Los Angeles,City,Prohibited,Prohibited,Prohibited,Prohibited,Prohibited,Prohibited,Prohibited,,,Jan-22,Y,Y,
South Gate,Los Angeles,City,Prohibited,Prohibited,Prohibited,Prohibited,Prohibited,Prohibited,Prohibited,,,Jan-22,Y,Y,
South Lake Tahoe,El Dorado,City,Allowed,Allowed,Allowed,Allowed,Allowed,Allowed,Allowed,,,Jan-22,N,N,
South Pasadena,Los Angeles,City,Prohibited,Prohibited,Prohibited,Prohibited,Prohibited,Prohibited,Prohibited,,,Jan-22,Y,Y,
South San Francisco,San Mateo,City,Prohibited,Allowed,Allowed,Allowed,Limited,Allowed,Prohibited,Cultivation: Indoor only,,Jan-22,N,N,
St. Helena,Napa,City,Prohibited,Prohibited,Prohibited,Prohibited,Prohibited,Prohibited,Prohibited,,,Jan-22,Y,Y,
Stanton,Orange,City,Allowed,Allowed,Allowed,Allowed,Limited,Allowed,Silent,Cultivation: Indoor only,Micro: Silent,Jan-22,N,N,
Stockton,San Joaquin,City,Allowed,Allowed,Allowed,Allowed,Limited,Allowed,Allowed,Cultivation: Indoor only,,Jan-22,N,N,
Suisun City,Solano,City,Allowed,Allowed,Allowed,Allowed,Limited,Allowed,Allowed,Cultivation: Indoor only,,Jan-22,N,N,
Sunnyvale,Santa Clara,City,Prohibited,Prohibited,Prohibited,Prohibited,Prohibited,Prohibited,Prohibited,,,Jan-22,Y,Y,
Susanville,Lassen,City,Prohibited,Prohibited,Prohibited,Prohibited,Prohibited,Prohibited,Prohibited,,,Jan-22,Y,Y,
Sutter Creek,Amador,City,Prohibited,Prohibited,Prohibited,Prohibited,Prohibited,Prohibited,Prohibited,,,Jan-22,Y,Y,
Taft,Kern,City,Prohibited,Prohibited,Prohibited,Prohibited,Prohibited,Prohibited,Prohibited,,,Jan-22,Y,Y,
Tehachapi,Kern,City,Prohibited,Prohibited,Prohibited,Prohibited,Prohibited,Prohibited,Prohibited,,,Jan-22,Y,Y,
Tehama,Tehama,City,Prohibited,Prohibited,Prohibited,Prohibited,Prohibited,Prohibited,Prohibited,,,Jan-22,Y,Y,
Temecula,Riverside,City,Prohibited,Prohibited,Prohibited,Prohibited,Prohibited,Prohibited,Prohibited,,,Jan-22,Y,Y,
Temple City,Los Angeles,City,Prohibited,Prohibited,Prohibited,Prohibited,Prohibited,Prohibited,Prohibited,,,Jan-22,Y,Y,
Thousand Oaks,Ventura,City,Limited-Medical Only,Prohibited,Prohibited,Prohibited,Prohibited,Allowed,Prohibited,,,Jan-22,N,N,
Tiburon,Marin,City,Prohibited,Prohibited,Prohibited,Prohibited,Prohibited,Prohibited,Prohibited,,Allows medical delivery from outside jurisdiction,Jan-22,Y,Y,
Torrance,Los Angeles,City,Prohibited,Prohibited,Prohibited,Prohibited,Prohibited,Prohibited,Prohibited,,,Jan-22,Y,Y,
Tracy,San Joaquin,City,Allowed,Allowed,Allowed,Allowed,Limited,Allowed,Allowed,Cultivation: Indoor only,,Jan-22,N,N,
Trinidad,Humboldt,City,Prohibited,Prohibited,Prohibited,Prohibited,Prohibited,Prohibited,Prohibited,,,Jan-22,Y,Y,
Truckee,Nevada,City,Prohibited,Allowed ,Prohibited,Prohibited,Prohibited,Prohibited,Prohibited,,,Jan-22,N,N,
Tulare,Tulare,City,Allowed,Prohibited,Prohibited,Prohibited,Prohibited,Prohibited,Prohibited,,,Jan-22,N,N,
Tulelake,Siskiyou,City,Prohibited,Prohibited,Prohibited,Prohibited,Prohibited,Prohibited,Prohibited,,,Jan-22,Y,Y,
Turlock,Stanislaus,City,Allowed,Limited,Allowed,Allowed,Limited,Allowed,Silent,"Retail (Non-storefront): Delivery by storefront only
Cultivation: Indoor only",Micro: Silent,Jan-22,N,N,
Tustin,Orange,City,Prohibited,Prohibited,Prohibited,Prohibited,Prohibited,Prohibited,Prohibited,,,Jan-22,Y,Y,
Twentynine Palms,San Bernardino,City,Prohibited,Prohibited,Prohibited,Prohibited,Prohibited,Prohibited,Prohibited,,,Jan-22,Y,Y,
Ukiah,Mendocino,City,Allowed,Allowed,Allowed,Allowed,Allowed,Allowed,Allowed,,,Jan-22,N,N,
Union City,Alameda,City,Allowed,Allowed,Allowed,Allowed,Limited,Allowed,Allowed,Cultivation: Indoor only,,Jan-22,N,N,
Upland,San Bernardino,City,Prohibited,Prohibited,Prohibited,Prohibited,Prohibited,Prohibited,Prohibited,,,Jan-22,Y,Y,
Vacaville,Solano,City,Allowed,Allowed,Allowed,Allowed,Prohibited,Allowed,Limited,Microbusiness: No cultivation,,Jan-22,N,N,
Vallejo,Solano,City,Allowed,Allowed,Allowed,Allowed,Allowed,Allowed,Allowed,,,Jan-22,N,N,
Ventura,Ventura,City,Allowed,Allowed,Allowed,Allowed,Prohibited,Allowed,Limited,Microbusiness: No cultivation,,Jan-22,N,N,
Vernon,Los Angeles,City,Prohibited,Prohibited,Prohibited,Prohibited,Prohibited,Prohibited,Prohibited,,,Jan-22,Y,Y,
Victorville,San Bernardino,City,Prohibited,Prohibited,Prohibited,Prohibited,Prohibited,Prohibited,Prohibited,,Allows medical delivery from outside jurisdiction,Jan-22,Y,Y,
Villa Park,Orange,City,Prohibited,Prohibited,Prohibited,Prohibited,Prohibited,Prohibited,Prohibited,,,Jan-22,Y,Y,
Visalia,Tulare,City,Prohibited,Prohibited,Prohibited,Prohibited,Prohibited,Prohibited,Prohibited,,,Jan-22,Y,Y,
Vista,San Diego,City,Allowed ,Allowed,Allowed,Allowed,Prohibited,Allowed,Silent,,Micro: Silent,Jan-22,N,N,
Walnut,Los Angeles,City,Prohibited,Prohibited,Prohibited,Prohibited,Prohibited,Prohibited,Prohibited,,,Jan-22,Y,Y,
Walnut Creek,Contra Costa,City,Prohibited,Limited-Medical Only,Prohibited,Prohibited,Prohibited,Prohibited,Prohibited,,,Jan-22,N,N,
Wasco,Kern,City,Prohibited,Prohibited,Prohibited,Prohibited,Prohibited,Prohibited,Prohibited,,,Jan-22,Y,Y,
Waterford,Stanislaus,City,Allowed,Allowed,Allowed,Allowed,Allowed,Allowed,Allowed,,,Jan-22,N,N,
Watsonville,Santa Cruz,City,Allowed,Allowed,Allowed,Allowed,Allowed,Allowed,Allowed,,,Jan-22,N,N,
Weed,Siskiyou,City,Allowed,Allowed,Prohibited,Prohibited,Limited,Prohibited,Prohibited,Cultivation: Indoor only,"Distribution, Manufacturing, Testing, Micro: Silent",Jan-22,N,N,
West Covina,Los Angeles,City,Prohibited,Prohibited,Prohibited,Prohibited,Prohibited,Prohibited,Prohibited,,,Jan-22,Y,Y,
West Hollywood,Los Angeles,City,Allowed,Allowed,Prohibited,Prohibited,Prohibited,Prohibited,Prohibited,,"Distribution, Manufacturing, Cultivation, Testing, Micro: Silent",Jan-22,N,N,
West Sacramento,Yolo,City,Prohibited,Prohibited,Allowed,Allowed,Limited,Allowed,Prohibited,Cultivation: Indoor only,Allows delivery from outside jurisdiction,Jan-22,N,Y,
Westlake Village,Los Angeles,City,Prohibited,Prohibited,Prohibited,Prohibited,Prohibited,Prohibited,Prohibited,,Allows delivery from outside jurisdiction,Jan-22,Y,Y,
Westminster,Orange,City,Prohibited,Prohibited,Prohibited,Prohibited,Prohibited,Prohibited,Prohibited,,,Jan-22,Y,Y,
Westmorland,Imperial,City,Prohibited,Prohibited,Prohibited,Prohibited,Prohibited,Prohibited,Prohibited,,,Jan-22,Y,Y,
Wheatland,Yuba,City,Prohibited,Prohibited,Prohibited,Prohibited,Prohibited,Prohibited,Prohibited,,,Jan-22,Y,Y,
Whittier,Los Angeles,City,Prohibited,Prohibited,Prohibited,Prohibited,Prohibited,Prohibited,Prohibited,,,Jan-22,Y,Y,
Wildomar,Riverside,City,Allowed ,Allowed ,Allowed ,Allowed ,Allowed,Allowed ,Silent,,Micro: Silent,Jan-22,N,N,
Williams,Colusa,City,Prohibited,Prohibited,Allowed,Allowed,Allowed,Allowed,Silent,,Micro: Silent,Jan-22,N,Y,
Willits,Mendocino,City,Allowed ,Allowed,Allowed,Allowed,Allowed,Allowed,Allowed,,,Jan-22,N,N,
Willows,Glenn,City,Allowed,Limited,Prohibited,Prohibited,Prohibited,Prohibited,Prohibited,Retail (Non-storefront): Delivery from storefront only,,Jan-22,N,N,
Windsor,Sonoma,City,Prohibited,Prohibited ,Prohibited ,Prohibited ,Prohibited ,Prohibited ,Prohibited ,,,Jan-22,Y,Y,
Winters,Yolo,City,Prohibited,Prohibited,Prohibited,Prohibited,Prohibited,Prohibited,Prohibited,,,Jan-22,Y,Y,
Woodlake,Tulare,City,Allowed,Allowed,Allowed,Allowed,Limited,Allowed,Silent,Cultivation: Indoor and mixed light only,Micro: Silent,Jan-22,N,N,
Woodland,Yolo,City,Prohibited,Prohibited,Allowed,Allowed,Prohibited,Allowed,Prohibited,,"Allows delivery from outside jurisdiction, but must have a city permit",Jan-22,N,Y,
Woodside,San Mateo,City,Prohibited,Prohibited,Prohibited,Prohibited,Prohibited,Prohibited,Prohibited,,Allows delivery from outside jurisdiction,Jan-22,Y,Y,
Yorba Linda,Orange,City,Prohibited,Prohibited,Prohibited,Prohibited,Prohibited,Prohibited,Prohibited,,,Jan-22,Y,Y,
Yountville,Napa,City,Prohibited,Allowed,Prohibited,Prohibited,Prohibited,Prohibited,Prohibited,,,Jan-22,N,N,
Yreka,Siskiyou,City,Prohibited,Prohibited,Prohibited,Prohibited,Prohibited,Prohibited,Prohibited,,,Jan-22,Y,Y,
Yuba City,Sutter,City,Prohibited,Prohibited,Prohibited,Prohibited,Prohibited,Prohibited,Prohibited,,,Jan-22,Y,Y,
Yucaipa,San Bernardino,City,Prohibited,Prohibited,Prohibited,Prohibited,Prohibited,Prohibited,Prohibited,,,Jan-22,Y,Y,
Yucca Valley,San Bernardino,City,Prohibited,Prohibited,Prohibited,Prohibited,Prohibited,Prohibited,Prohibited,,,Jan-22,Y,Y,
N/A-Unincorporated,Alameda,County,Allowed,Allowed,Limited,Limited,Allowed,Allowed,Allowed,"Distribution and manufacturing: Cultivator or microbusiness only
",,Jan-22,N,N,N
N/A-Unincorporated,Alpine,County,Prohibited,Prohibited,Prohibited,Prohibited,Prohibited,Prohibited,Prohibited,,,Jan-22,Y,Y,Y
N/A-Unincorporated,Amador,County,Prohibited,Prohibited,Prohibited,Prohibited,Prohibited,Prohibited,Prohibited,,,Jan-22,Y,Y,Y
N/A-Unincorporated,Butte,County,Prohibited,Prohibited,Prohibited,Prohibited,Prohibited,Prohibited,Prohibited,,,Jan-22,Y,Y,Y
N/A-Unincorporated,Calaveras,County,Allowed,Prohibited,Allowed,Prohibited,Allowed,Prohibited,Allowed,,Microbusiness: Co-location allowed,Jan-22,N,N,N
N/A-Unincorporated,Colusa,County,Prohibited,Prohibited,Allowed,Allowed,Limited,Allowed,Allowed,Cultivation: Indoor only,,Jan-22,N,Y,N
N/A-Unincorporated,Contra Costa,County,Allowed,Limited,Allowed,Allowed,Limited,Allowed,Silent,"Retail (Non-storefront): Delivery by storefront only
Cultivation: Indoor only",Micro: Silent,Jan-22,N,N,N
N/A-Unincorporated,Del Norte,County,Allowed,Prohibited,Prohibited,Allowed,Allowed,Prohibited,Prohibited,,"Retail (Non-storefront), Distribution, Testing, Micro: Silent",Jan-22,N,N,N
N/A-Unincorporated,El Dorado,County,Allowed,Allowed,Allowed,Allowed,Allowed,Allowed,Silent,,Micro: Silent,Jan-22,N,N,N
N/A-Unincorporated,Fresno,County,Prohibited,Prohibited,Prohibited,Prohibited,Prohibited,Prohibited,Prohibited,,,Jan-22,Y,Y,Y
N/A-Unincorporated,Glenn,County,Prohibited,Prohibited,Prohibited,Prohibited,Prohibited,Prohibited,Prohibited,,,Jan-22,Y,Y,Y
N/A-Unincorporated,Humboldt,County,Allowed,Limited,Allowed,Allowed,Allowed,Allowed,Allowed,Retail (Non-storefront): Delivery by storefront only,,Jan-22,N,N,N
N/A-Unincorporated,Imperial,County,Allowed,Allowed,Allowed,Allowed,Allowed,Allowed,Allowed,,,Jan-22,N,N,N
N/A-Unincorporated,Inyo,County,Allowed,Allowed,Allowed,Allowed,Allowed,Allowed,Allowed,,,Jan-22,N,N,N
N/A-Unincorporated,Kern,County,Prohibited,Prohibited,Prohibited,Prohibited,Prohibited,Prohibited,Prohibited,,,Jan-22,Y,Y,Y
N/A-Unincorporated,Kings,County,Prohibited,Prohibited,Prohibited,Prohibited,Prohibited,Prohibited,Prohibited,,,Jan-22,Y,Y,Y
N/A-Unincorporated,Lake,County,Prohibited,Prohibited,Allowed,Allowed,Allowed,Allowed,Allowed,,,12/13/21,N,Y,N
N/A-Unincorporated,Lassen ,County,Allowed,Prohibited,Prohibited,Prohibited,Prohibited,Allowed,Prohibited,,,Jan-22,N,N,N
N/A-Unincorporated,Los Angeles,County,Prohibited,Prohibited,Prohibited,Prohibited,Prohibited,Prohibited,Prohibited,,,Jan-22,Y,Y,Y
N/A-Unincorporated,Madera,County,Prohibited,Prohibited,Prohibited,Prohibited,Prohibited,Prohibited,Prohibited,,,Jan-22,Y,Y,Y
N/A-Unincorporated,Marin,County,Prohibited,Limited-Medical Only,Prohibited,Prohibited,Prohibited,Prohibited,Prohibited,,,Jan-22,N,N,N
N/A-Unincorporated,Mariposa,County,Prohibited,Prohibited,Prohibited,Prohibited,Prohibited,Prohibited,Prohibited,,,Jan-22,Y,Y,Y
N/A-Unincorporated,Mendocino,County,Allowed,Allowed,Allowed,Allowed,Allowed,Allowed,Allowed,,,Jan-22,N,N,N
N/A-Unincorporated,Merced,County,Prohibited,Prohibited,Prohibited,Prohibited,Prohibited,Prohibited,Prohibited,,Allows medical delivery from outside jurisdiction,Jan-22,Y,Y,Y
N/A-Unincorporated,Modoc,County,Prohibited ,Prohibited ,Prohibited ,Prohibited ,Prohibited ,Prohibited,Prohibited,,,Jan-22,Y,Y,Y
N/A-Unincorporated,Mono,County,Allowed,Prohibited,Allowed,Allowed,Allowed,Allowed,Allowed,,,Jan-22,N,N,N
N/A-Unincorporated,Monterey,County,Allowed,Allowed,Allowed,Allowed,Allowed,Allowed,Silent,,Micro: Silent,Jan-22,N,N,N
N/A-Unincorporated,Napa,County,Prohibited,Prohibited,Prohibited,Prohibited,Prohibited,Prohibited,Prohibited,,Allows delivery from outside jurisdiction,Jan-22,Y,Y,Y
N/A-Unincorporated,Nevada,County,Prohibited,Prohibited,Limited,Prohibited,Limited-Medical Only,Prohibited,Prohibited,"Distribution: Self-distribution by cultivators only
",,Jan-22,N,Y,N
N/A-Unincorporated,Orange,County,Prohibited,Prohibited,Prohibited,Prohibited,Prohibited,Prohibited,Prohibited,,,Jan-22,Y,Y,Y
N/A-Unincorporated,Placer,County,Prohibited,Prohibited,Prohibited,Prohibited,Prohibited,Prohibited,Prohibited,,,Jan-22,Y,Y,Y
N/A-Unincorporated,Plumas,County,Prohibited,Prohibited,Prohibited,Prohibited,Prohibited,Prohibited,Prohibited,,,Jan-22,Y,Y,Y
N/A-Unincorporated,Riverside,County,Allowed,Allowed,Allowed,Allowed,Limited,Allowed,Allowed,Cultivation: Indoor only,,Jan-22,N,N,N
N/A-Unincorporated,Sacramento,County,Prohibited,Prohibited,Prohibited,Prohibited,Prohibited,Prohibited,Prohibited,,,Jan-22,Y,Y,Y
N/A-Unincorporated,San Benito,County,Prohibited,Prohibited,Allowed,Allowed,Limited,Allowed,Limited,"Cultivation: Indoor only
Microbusiness: No retail",Allows delivery from outside jurisdiction but requires a county permit,Jan-22,N,Y,N
N/A-Unincorporated,San Bernardino,County,Prohibited,Prohibited,Prohibited,Prohibited,Prohibited,Prohibited,Prohibited,,,Jan-22,Y,Y,Y
N/A-Unincorporated,San Diego,County,Allowed,Prohibited,Allowed,Allowed,Allowed,Prohibited,Allowed,,Testing: Silent,Jan-22,N,N,N
N/A-Unincorporated,San Joaquin,County,Prohibited,Allowed,Allowed,Allowed,Allowed,Allowed,Allowed ,,,Jan-22,N,N,N
N/A-Unincorporated,San Luis Obispo,County,Prohibited,Allowed,Allowed,Allowed,Limited,Allowed,Silent,Cultivation: Indoor only,Micro: Silent,Jan-22,N,N,N
N/A-Unincorporated,San Mateo,County,Prohibited,Prohibited,Prohibited,Prohibited,Limited,Prohibited,Prohibited,Cultivation: Mixed-light only,Allows delivery from outside jurisdiction,Jan-22,N,Y,N
N/A-Unincorporated,Santa Barbara,County,Allowed,Allowed,Allowed,Allowed,Allowed,Allowed,Allowed,,,Jan-22,N,N,N
N/A-Unincorporated,Santa Clara,County,Prohibited,Prohibited,Prohibited,Prohibited,Prohibited,Prohibited,Prohibited,,,Jan-22,Y,Y,Y
N/A-Unincorporated,Santa Cruz,County,Allowed,Limited,Allowed,Allowed,Allowed,Prohibited,Allowed,Retail (Non-storefront): Delivery by storefront only,Testing: Silent,Jan-22,N,N,N
N/A-Unincorporated,Shasta,County,Prohibited,Prohibited,Prohibited,Prohibited,Prohibited,Prohibited,Prohibited,,,Jan-22,Y,Y,Y
N/A-Unincorporated,Sierra,County,Prohibited,Prohibited,Prohibited,Prohibited,Prohibited,Prohibited,Prohibited,,Allows delivery from outside jurisdiction,Jan-22,Y,Y,Y
N/A-Unincorporated,Siskiyou,County,Prohibited,Prohibited,Prohibited,Prohibited,Prohibited,Prohibited,Prohibited,,,Jan-22,Y,Y,Y
N/A-Unincorporated,Solano,County,Prohibited,Prohibited,Prohibited,Prohibited,Prohibited,Prohibited,Prohibited,,,Jan-22,Y,Y,Y
N/A-Unincorporated,Sonoma,County,Allowed,Allowed,Allowed,Allowed,Allowed,Allowed,Allowed,,,Jan-22,N,N,N
N/A-Unincorporated,Stanislaus,County,Allowed,Allowed,Allowed,Allowed,Allowed,Allowed,Allowed,,,Jan-22,N,N,N
N/A-Unincorporated,Sutter,County,Prohibited,Prohibited,Prohibited,Prohibited,Prohibited,Prohibited,Prohibited,,"Manufacturing, Testing, Micro: Silent",Jan-22,Y,Y,Y
N/A-Unincorporated,Tehama,County,Prohibited,Prohibited,Prohibited ,Prohibited,Prohibited,Prohibited,Prohibited,,"Manufacturing, Testing, Micro: Silent",Jan-22,Y,Y,Y
N/A-Unincorporated,Trinity,County,Prohibited,Allowed,Allowed,Allowed,Allowed,Allowed,Allowed,,,Jan-22,N,N,N
N/A-Unincorporated,Tulare,County,Limited-Medical Only,Prohibited,Prohibited,Prohibited,Limited-Medical Only,Prohibited,Prohibited,,Allows delivery from outside jurisdiction,Jan-22,N,N,N
N/A-Unincorporated,Tuolumne,County,Prohibited,Prohibited,Prohibited,Prohibited,Prohibited,Prohibited,Prohibited,,,Jan-22,Y,Y,Y
N/A-Unincorporated,Ventura,County,Prohibited,Prohibited,Limited,Prohibited,Limited,Prohibited,Prohibited,"Distribution: Self-distribution only
Cultivation: Indoor only",,Jan-22,N,Y,N
N/A-Unincorporated,Yolo,County,Allowed ,Allowed,Allowed,Allowed,Allowed,Allowed,Allowed,,,Jan-22,N,N,N
N/A-Unincorporated,Yuba,County,Prohibited,Prohibited,Prohibited,Prohibited,Prohibited,Prohibited,Prohibited,,,Jan-22,Y,Y,Y