Place,CA Places Key,INTPTLAT,INTPTLON,GEOID (from CA Places Key),County,County label,Jurisdiction Type,Retail: Storefront,Retail: Non-Storefront,Distributor,Manufacturer,Cultivation,Testing,Limit Explanations,Notes,Updated,Are all CCA activites prohibited?,Is all retail prohibited?,CCA Prohibited by County,Unincorporated Population,City Population
Woodlake,Woodlake,36.4128251,-119.0995300,686300,Tulare,Tulare County,City,Allowed,Allowed,Allowed,Allowed,Limited,Allowed,Cultivation: Indoor and mixed light only,Micro: Silent,2022-01-22,No,No,,,7
Unincorporated Yolo County,,,,,Yolo,Yolo County,County,Allowed,Allowed,Allowed,Allowed,Allowed,Allowed,,,2022-01-22,No,No,No,221,
Fullerton,Fullerton,33.8857144,-117.9280246,628000,Orange,Orange County,City,Limited,Limited,Limited,Limited,Limited,Allowed,"Retail (all): Limit 2 total
Distribution: Limit 5
Manufacturer: Limit 5
Cultivation: Limit 5; indoor only
Microbusiness: Limit 2",,2022-01-22,No,No,,,144
Santa Ana,Santa Ana,33.7363320,-117.8829516,669000,Orange,Orange County,City,Allowed,Allowed,Allowed,Allowed,Allowed,Allowed,,,2022-01-22,No,No,,,338
Union City,Union City,37.6029595,-122.0187225,681204,Alameda,Alameda County,City,Allowed,Allowed,Allowed,Allowed,Limited,Allowed,Cultivation: Indoor only,,2022-01-22,No,No,,,72
Pleasant Hill,Pleasant Hill,37.9540083,-122.0758961,657764,Contra Costa,Contra Costa County,City,Prohibited,Limited-Medical Only,Prohibited,Prohibited,Prohibited,Prohibited,,,2022-01-22,No,No,,,35
Nevada City,Nevada City,39.2596075,-121.0333263,650874,Nevada,Nevada County,City,Allowed,Allowed,Allowed,Allowed,Limited,Allowed,Cultivation: Indoor only,Micro: Silent,2022-01-22,No,No,,,3
La Habra,La Habra,33.9279270,-117.9515540,639290,Orange,Orange County,City,Prohibited,Allowed,Allowed,Prohibited,Prohibited,Allowed,,,2022-01-22,No,No,,,62
Concord,Concord,37.9721891,-122.0016172,616000,Contra Costa,Contra Costa County,City,Allowed,Allowed,Allowed,Allowed,Prohibited,Allowed,,,2022-01-22,No,No,,,129
Atwater,Atwater,37.3540494,-120.5971768,603162,Merced,Merced County,City,Allowed,Allowed,Allowed,Allowed,Limited,Allowed,Cultivation: Indoor only,,2022-01-22,No,No,,,31
Unincorporated San Joaquin County,,,,,San Joaquin,San Joaquin County,County,Prohibited,Allowed,Allowed,Allowed,Allowed,Allowed,,,2022-01-22,No,No,No,758,
Redwood City,Redwood City,37.5152736,-122.2136716,660102,San Mateo,San Mateo County,City,Allowed,Allowed,Prohibited,Prohibited,Limited,Prohibited,Cultivation: Nursery Only,,2022-01-22,No,No,,,86
Antioch,Antioch,37.9790748,-121.7961950,602252,Contra Costa,Contra Costa County,City,Allowed,Allowed,Allowed,Allowed,Allowed,Allowed,,,2022-01-22,No,No,,,113
Unincorporated Stanislaus County,,,,,Stanislaus,Stanislaus County,County,Allowed,Allowed,Allowed,Allowed,Allowed,Allowed,,,2022-01-22,No,No,No,555,
Novato,Novato,38.0850865,-122.5482145,652582,Marin,Marin County,City,Prohibited,Allowed,Allowed,Allowed,Limited,Allowed,Cultivation: Indoor only,,2022-01-22,No,No,,,54
Avalon (Catalina Island),Avalon,33.3240430,-118.3346990,603274,Los Angeles,Los Angeles County,City,Prohibited,Limited-Medical Only,Prohibited,Prohibited,Prohibited,Prohibited,,,2022-01-22,No,No,,,3
Berkeley,Berkeley,37.8669717,-122.2991474,606000,Alameda,Alameda County,City,Limited,Limited,Allowed,Allowed,Allowed,Allowed,All retail: pre-existing only,,2022-01-22,No,No,,,121
Greenfield,Greenfield,36.3233901,-121.2447500,630994,Monterey,Monterey County,City,Allowed,Allowed,Allowed,Allowed,Limited,Allowed,Cultivation: Indoor only,Micro: Silent,2022-01-22,No,No,,,18
Corona,Corona,33.8619689,-117.5654945,616350,Riverside,Riverside County,City,Limited,Allowed,Allowed,Allowed,Prohibited,Allowed,Retail (storefront): Limit 12 licensees,,2022-01-22,No,No,,,168
Palm Desert,Palm Desert,33.7377972,-116.3637202,655184,Riverside,Riverside County,City,Allowed,Allowed,Allowed,Allowed,Allowed,Allowed,,Micro: Silent,2022-01-22,No,No,,,52
Benicia,Benicia,38.0691473,-122.1511998,605290,Solano,Solano County,City,Limited,Allowed,Allowed,Allowed,Limited,Allowed,"Storefront retail: Limit 1 licensee
Cultivation: Indoor only",,2022-01-22,No,No,,,27
Unincorporated Sonoma County,,,,,Sonoma,Sonoma County,County,Allowed,Allowed,Allowed,Allowed,Allowed,Allowed,,,2022-01-22,No,No,No,503,
Patterson,Patterson,37.4740526,-121.1433883,656112,Stanislaus,Stanislaus County,City,Allowed,Prohibited,Allowed,Allowed,Limited,Allowed,Cultivation: Indoor only,,2022-01-22,No,No,,,22
Unincorporated Mendocino County,,,,,Mendocino,Mendocino County,County,Allowed,Allowed,Allowed,Allowed,Allowed,Allowed,,,2022-01-22,No,No,No,89,
Santa Barbara,Santa Barbara,34.4006009,-119.7129545,669070,Santa Barbara,Santa Barbara County,City,Allowed,Allowed,Allowed,Allowed,Limited,Allowed,Cultivation: Indoor only,Micro: Silent,2022-01-22,No,No,,,94
Chula Vista,Chula Vista,32.6276701,-117.0151696,613392,San Diego,San Diego County,City,Limited,Allowed,Allowed,Allowed,Limited,Allowed,"Retail (storefront): Limit 4 licensees
Cultivation: Indoor only",Micro: Silent,2022-01-22,No,No,,,267
Tracy,Tracy,37.7245975,-121.4455377,680238,San Joaquin,San Joaquin County,City,Allowed,Allowed,Allowed,Allowed,Limited,Allowed,Cultivation: Indoor only,,2022-01-22,No,No,,,92
Thousand Oaks,Thousand Oaks,34.1932896,-118.8742350,678582,Ventura,Ventura County,City,Limited-Medical Only,Prohibited,Prohibited,Prohibited,Prohibited,Allowed,,,2022-01-22,No,No,,,130
Sacramento,Sacramento,38.5665924,-121.4686318,664000,Sacramento,Sacramento County,City,Allowed,Allowed,Allowed,Allowed,Limited,Allowed,Cultivation: Indoor only,,2022-01-22,No,No,,,501
Firebaugh,Firebaugh,36.8534960,-120.4535653,624134,Fresno,Fresno County,City,Allowed,Allowed,Allowed,Allowed,Allowed,Allowed,,Micro: Silent,2022-01-22,No,No,,,8
Rolling Hills,Rolling Hills,33.7600185,-118.3471668,662602,Los Angeles,Los Angeles County,City,Prohibited,Limited-Medical Only,Limited-Medical Only,Prohibited,Prohibited,Prohibited,,,2022-01-22,No,No,,,1
Grass Valley,Grass Valley,39.2236859,-121.0550036,630798,Nevada,Nevada County,City,Limited,Limited,Limited,Limited,Limited,Limited,"Retail (storefront): Limit of 2 licensees
Retail (delivery): Limit of 3 licensees
Distributor: Limit of 5 licensees
Manufacturer and/or Processor: Limit of 10 total
Nursery: Limit of 2
Testing: Limit of 2",Micro: Silent,2022-01-22,No,No,,,13
Brisbane,Brisbane,37.6757495,-122.3833020,608310,San Mateo,San Mateo County,City,Prohibited,Allowed,Allowed,Allowed,Prohibited,Allowed,Retail (storefront): City plans to consider in 2022,Micro: Silent,2022-01-22,No,No,,,4
Cotati,Cotati,38.3284920,-122.7100491,616560,Sonoma,Sonoma County,City,Allowed,Allowed,Allowed,Allowed,Allowed,Allowed,,,2022-01-22,No,No,,,7
San Bernardino,San Bernardino,34.1415530,-117.2935572,665000,San Bernardino,San Bernardino County,City,Allowed,Allowed,Allowed,Allowed,Limited,Allowed,Cultivation: Indoor only,,2022-01-22,No,No,,,221
Burlingame,Burlingame,37.5899515,-122.3633425,609066,San Mateo,San Mateo County,City,Prohibited,Allowed,Prohibited,Prohibited,Prohibited,Prohibited,,,2022-01-22,No,No,,,30
El Monte,El Monte,34.0746329,-118.0291358,622230,Los Angeles,Los Angeles County,City,Allowed,Allowed,Allowed,Allowed,Limited,Allowed,Cultivation: Indoor only,,2022-01-22,No,No,,,117
Porterville,Porterville,36.0635420,-119.0336003,658240,Tulare,Tulare County,City,Allowed,Limited,Prohibited,Prohibited,Prohibited,Prohibited,Retail (Non-storefront): Delivery from storefronts only,,2022-01-22,No,No,,,60
Malibu,Malibu,34.0342195,-118.7794907,645246,Los Angeles,Los Angeles County,City,Allowed,Allowed,Prohibited,Prohibited,Prohibited,Prohibited,,,2022-01-22,No,No,,,12
Unincorporated Santa Cruz County,,,,,Santa Cruz,Santa Cruz County,County,Allowed,Limited,Allowed,Allowed,Allowed,Prohibited,Retail (Non-storefront): Delivery by storefront only,Testing: Silent,2022-01-22,No,No,No,276,
Oxnard,Oxnard,34.2023461,-119.2046028,654652,Ventura,Ventura County,City,Allowed,Allowed,Allowed,Allowed,Prohibited,Allowed,,Micro: Silent,2022-01-22,No,No,,,206
Perris,Perris,33.7902240,-117.2214116,656700,Riverside,Riverside County,City,Allowed,Allowed,Allowed,Allowed,Limited,Allowed,Cultivation: Indoor only,,2022-01-22,No,No,,,77
Stanton,Stanton,33.8002548,-117.9934483,673962,Orange,Orange County,City,Allowed,Allowed,Allowed,Allowed,Limited,Allowed,Cultivation: Indoor only,Micro: Silent,2022-01-22,No,No,,,39
Santa Cruz,Santa Cruz,36.9743850,-122.0352679,669112,Santa Cruz,Santa Cruz County,City,Allowed,Allowed,Allowed,Allowed,Allowed,Allowed,,,2022-01-22,No,No,,,66
National City,National City,32.6658617,-117.0973610,650398,San Diego,San Diego County,City,Allowed,Allowed,Allowed,Allowed,Allowed,Allowed,,,2022-01-22,No,No,,,62
Dunsmuir,Dunsmuir,41.2314848,-122.2709163,620242,Siskiyou,Siskiyou County,City,Allowed,Allowed,Allowed,Allowed,Limited,Allowed,Cultivation: Indoor only,,2022-01-22,No,No,,,1
Coachella,Coachella,33.6905455,-116.1430540,614260,Riverside,Riverside County,City,Allowed,Allowed,Allowed,Allowed,Limited,Allowed,Cultivation: Indoor only,,2022-01-22,No,No,,,45
Imperial,Imperial,32.8375033,-115.5718599,636280,Imperial,Imperial County,City,Limited,Prohibited,Prohibited,Prohibited,Prohibited,Prohibited,Retail (storefront): Limit 1 licensee,,2022-01-22,No,No,,,19
Lindsay,Lindsay,36.2082160,-119.0896803,641712,Tulare,Tulare County,City,Allowed,Limited,Allowed,Allowed,Limited,Allowed,"Retail (Non-storefront): Delivery from storefront only
Cultivation: Indoor only",Micro: Silent,2022-01-22,No,No,,,13
Morro Bay,Morro Bay,35.3672891,-120.8692045,649362,San Luis Obispo,San Luis Obispo County,City,Allowed,Allowed,Allowed,Prohibited,Prohibited,Prohibited,,,2022-01-22,No,No,,,10
Imperial Beach,Imperial Beach,32.5653537,-117.1145672,636294,San Diego,San Diego County,City,Allowed,Allowed,Prohibited,Prohibited,Prohibited,Prohibited,,,2022-01-22,No,No,,,28
San Juan Bautista,San Juan Bautista,36.8456736,-121.5377770,668014,San Benito,San Benito County,City,Allowed,Allowed,Allowed,Allowed,Allowed,Allowed,,,2022-01-22,No,No,,,1
Sonora,Sonora,37.9816919,-120.3826626,672674,Tuolumne,Tuolumne County,City,Limited,Limited,Prohibited,Allowed,Prohibited,Allowed,"Retail (Storefront): Limit 3
Retail (Non-storefront): Delivery from storefront only",,2022-01-22,No,No,,,4
Unincorporated Santa Barbara County,,,,,Santa Barbara,Santa Barbara County,County,Allowed,Allowed,Allowed,Allowed,Allowed,Allowed,,,2022-01-22,No,No,No,453,
Ukiah,Ukiah,39.1466140,-123.2103259,681134,Mendocino,Mendocino County,City,Allowed,Allowed,Allowed,Allowed,Allowed,Allowed,,,2022-01-22,No,No,,,16
Goleta,Goleta,34.4348747,-119.8577412,630378,Santa Barbara,Santa Barbara County,City,Allowed,Allowed,Allowed,Allowed,Limited,Allowed,Cultivation: Indoor only,,2022-01-22,No,No,,,31
Waterford,Waterford,37.6426846,-120.7541520,683612,Stanislaus,Stanislaus County,City,Allowed,Allowed,Allowed,Allowed,Allowed,Allowed,,,2022-01-22,No,No,,,9
Petaluma,Petaluma,38.2422531,-122.6286306,656784,Sonoma,Sonoma County,City,Prohibited,Allowed,Allowed,Allowed,Prohibited,Allowed,,Micro: Silent,2022-01-22,No,No,,,62
Montebello,Montebello,34.0154437,-118.1110124,648816,Los Angeles,Los Angeles County,City,Prohibited,Allowed,Allowed,Allowed,Allowed,Allowed,,Micro: Silent,2022-01-22,No,No,,,64
Eureka,Eureka,40.7934759,-124.1552744,623042,Humboldt,Humboldt County,City,Allowed,Allowed,Allowed,Allowed,Allowed,Allowed,,,2022-01-22,No,No,,,26
Daly City,Daly City,37.7009406,-122.4649790,617918,San Mateo,San Mateo County,City,Allowed,Allowed,Prohibited,Prohibited,Prohibited,Allowed,,,2022-01-22,No,No,,,107
Merced,Merced,37.3056953,-120.4778715,646898,Merced,Merced County,City,Allowed,Allowed,Allowed,Allowed,Limited,Allowed,Cultivation: Indoor only,Micro: Silent,2022-01-22,No,No,,,86
Fairfield,Fairfield,38.2592897,-122.0320951,623182,Solano,Solano County,City,Allowed,Allowed,Prohibited,Allowed,Prohibited,Allowed,,,2022-01-22,No,No,,,116
San Francisco,San Francisco,37.7272391,-123.0322294,667000,San Francisco,City and County of San Francisco,City,Allowed,Allowed,Allowed,Allowed,Allowed,Allowed,,,2022-01-22,No,No,,,883
Unincorporated Monterey County,,,,,Monterey,Monterey County,County,Allowed,Allowed,Allowed,Allowed,Allowed,Allowed,,Micro: Silent,2022-01-22,No,No,No,443,
Jurupa Valley,Jurupa Valley,34.0025907,-117.4676122,637692,Riverside,Riverside County,City,Allowed,Prohibited,Allowed,Allowed,Limited,Allowed,Cultivation: Indoor only,Non-storefront: Silent,2022-01-22,No,No,,,106
Rio Dell,Rio Dell,40.4955909,-124.1149295,660900,Humboldt,Humboldt County,City,Allowed,Prohibited,Allowed,Allowed,Allowed,Allowed,,"Retail (Non-storefront), Micro: Silent",2022-01-22,No,No,,,3
Walnut Creek,Walnut Creek,37.9026660,-122.0404790,683346,Contra Costa,Contra Costa County,City,Prohibited,Limited-Medical Only,Prohibited,Prohibited,Prohibited,Prohibited,,,2022-01-22,No,No,,,70
Farmersville,Farmersville,36.3053520,-119.2081346,623616,Tulare,Tulare County,City,Allowed,Prohibited,Allowed,Allowed,Limited,Allowed,Cultivation: Indoor only,,2022-01-22,No,No,,,11
Calexico,Calexico,32.6849016,-115.4943619,609710,Imperial,Imperial County,City,Allowed,Allowed,Allowed,Allowed,Limited,Allowed,Cultivation: Indoor only,,2022-01-22,No,No,,,41
Hollister,Hollister,36.8563746,-121.3981157,634120,San Benito,San Benito County,City,Limited-Medical Only,Limited,Allowed,Allowed,Limited,Allowed,"Retail (Non-storefront): delivery from storefronts only
Cultivation: Indoor only",Micro: Silent,2022-01-22,No,No,,,36
Arvin,Arvin,35.1943611,-118.8305687,602924,Kern,Kern County,City,Prohibited,Allowed,Allowed,Allowed,Limited,Allowed,Cultivation: indoor only,Prohibits delivery from outside of the jurisdiction,2022-01-22,No,No,,,21
Unincorporated Inyo County,,,,,Inyo,Inyo County,County,Allowed,Allowed,Allowed,Allowed,Allowed,Allowed,,,2022-01-22,No,No,No,18,
Culver City,Culver City,34.0058204,-118.3967807,617568,Los Angeles,Los Angeles County,City,Allowed,Allowed,Allowed,Allowed,Limited,Allowed,Cultivation: Indoor only,,2022-01-22,No,No,,,39
Los Angeles,Los Angeles,34.0193936,-118.4108248,644000,Los Angeles,Los Angeles County,City,Allowed,Allowed,Allowed,Allowed,Allowed,Allowed,,,2022-01-22,No,No,,,4
Stockton,Stockton,37.9763417,-121.3133043,675000,San Joaquin,San Joaquin County,City,Allowed,Allowed,Allowed,Allowed,Limited,Allowed,Cultivation: Indoor only,,2022-01-22,No,No,,,315
Unincorporated Contra Costa County,,,,,Contra Costa,Contra Costa County,County,Allowed,Limited,Allowed,Allowed,Limited,Allowed,"Retail (Non-storefront): Delivery by storefront only
Cultivation: Indoor only",Micro: Silent,2022-01-22,No,No,No,1,
Fort Bragg,Fort Bragg,39.4410694,-123.8036201,625058,Mendocino,Mendocino County,City,Allowed,Allowed,Allowed,Allowed,Limited,Allowed,Cultivation: Indoor only,Micro: Silent,2022-01-22,No,No,,,7
Carpinteria,Carpinteria,34.3852905,-119.5008580,611446,Santa Barbara,Santa Barbara County,City,Prohibited,Allowed,Allowed,Allowed,Prohibited,Allowed,,Micro: Silent,2022-01-22,No,No,,,13
Cathedral City,Cathedral City,33.8354871,-116.4631031,612048,Riverside,Riverside County,City,Allowed,Allowed,Allowed,Allowed,Allowed,Allowed,,,2022-01-22,No,No,,,54
Capitola,Capitola,36.9760826,-121.9540120,611040,Santa Cruz,Santa Cruz County,City,Allowed,Prohibited,Prohibited,Prohibited,Prohibited,Allowed,,,2022-01-22,No,No,,,10
Colfax,Colfax,39.0937989,-120.9532218,614498,Placer,Placer County,City,Allowed,Allowed,Allowed,Allowed,Limited,Allowed,Cultivation: Indoor only,,2022-01-22,No,No,,,2
Lynwood,Lynwood,33.9239617,-118.2016475,644574,Los Angeles,Los Angeles County,City,Prohibited,Allowed,Allowed,Allowed,Limited,Allowed,Cultivation: Indoor only,,2022-01-22,No,No,,,72
Richmond,Richmond,37.9522779,-122.3606090,660620,Contra Costa,Contra Costa County,City,Allowed,Allowed,Allowed,Allowed,Allowed,Allowed,,,2022-01-22,No,No,,,110
Hayward,Hayward,37.6286591,-122.1024054,633000,Alameda,Alameda County,City,Allowed,Allowed,Allowed,Allowed,Allowed,Allowed,,,2022-01-22,No,No,,,162
Blythe,Blythe,33.6535839,-114.6217852,607218,Riverside,Riverside County,City,Limited,Prohibited,Allowed,Allowed,Allowed,Limited,"Retail (storefront): Limit 2 licensees
Testing: Limit 2 licensees
Microbusiness: Limit 2 licensees",Non-storefront: Silent,2022-01-22,No,No,,,19
San Jacinto,San Jacinto,33.7951219,-116.9919568,667112,Riverside,Riverside County,City,Allowed,Prohibited,Allowed,Allowed,Allowed,Allowed,,Non-storefront: Silent,2022-01-22,No,No,,,48
Placerville,Placerville,38.7304688,-120.7969650,657540,El Dorado,El Dorado County,City,Allowed,Allowed,Allowed,Prohibited,Prohibited,Allowed,,,2022-01-22,No,No,,,10
Lancaster,Lancaster,34.6935580,-118.1753054,640130,Los Angeles,Los Angeles County,City,Allowed,Limited,Allowed,Allowed,Allowed,Allowed,Retail (Non-storefront): Delivery from storefront retail only,Micro: Silent,2022-01-22,No,No,,,161
Hemet,Hemet,33.7353163,-116.9944744,633182,Riverside,Riverside County,City,Allowed,Allowed,Allowed,Allowed,Limited,Allowed,Cultivation: Indoor only,,2022-01-22,No,No,,,83
Adelanto,Adelanto,34.5809017,-117.4394577,600296,San Bernardino,San Bernardino County,City,Limited,Limited,Allowed,Allowed,Allowed,Allowed,Retail (all): pre-existing businesses only,,2022-01-22,No,No,,,35
Needles,Needles,34.8135697,-114.6253021,650734,San Bernardino,San Bernardino County,City,Allowed,Allowed,Allowed,Allowed,Allowed,Allowed,,,2022-01-22,No,No,,,5
Moreno Valley,Moreno Valley,33.9232527,-117.2056845,649270,Riverside,Riverside County,City,Allowed,Allowed,Allowed,Allowed,Allowed,Allowed,,,2022-01-22,No,No,,,207
Unincorporated Mono County,,,,,Mono,Mono County,County,Allowed,Prohibited,Allowed,Allowed,Allowed,Allowed,,,2022-01-22,No,No,No,13,
Unincorporated San Diego County,,,,,San Diego,San Diego County,County,Allowed,Prohibited,Allowed,Allowed,Allowed,Prohibited,,Testing: Silent,2022-01-22,No,No,No,3,
Modesto,Modesto,37.6375332,-121.0030494,648354,Stanislaus,Stanislaus County,City,Allowed,Allowed,Allowed,Allowed,Allowed,Allowed,,,2022-01-22,No,No,,,215
Banning,Banning,33.9460305,-116.8991871,603820,Riverside,Riverside County,City,Allowed,Prohibited,Allowed,Allowed,Limited,Allowed,Cultivation: Indoor only,Non-storefront: Silent,2022-01-22,No,No,,,31
Seaside,Seaside,36.6252150,-121.8238832,670742,Monterey,Monterey County,City,Allowed,Allowed,Allowed,Allowed,Allowed,Allowed,,Micro: Silent,2022-01-22,No,No,,,34
Arcata,Arcata,40.8622906,-124.0749668,602476,Humboldt,Humboldt County,City,Allowed,Allowed,Allowed,Allowed,Allowed,Allowed,,,2022-01-22,No,No,,,18
Unincorporated Humboldt County,,,,,Humboldt,Humboldt County,County,Allowed,Limited,Allowed,Allowed,Allowed,Allowed,Retail (Non-storefront): Delivery by storefront only,,2022-01-22,No,No,No,136,
Encinitas,Encinitas,33.0506323,-117.2636163,622678,San Diego,San Diego County,City,Allowed,Allowed,Allowed,Allowed,Allowed,Prohibited,,"Testing, Micro: Silent",2022-01-22,No,No,,,63
Shasta Lake,Shasta Lake,40.6765637,-122.3809091,671225,Shasta,Shasta County,City,Allowed,Allowed,Allowed,Allowed,Limited,Allowed,Cultivation: Indoor only,Micro: Silent,2022-01-22,No,No,,,10
Maywood,Maywood,33.9885051,-118.1876662,646492,Los Angeles,Los Angeles County,City,Limited,Limited,Limited,Limited,Limited,Limited,Pre-existing licenses only,,2022-01-22,No,No,,,28
Lathrop,Lathrop,37.8152896,-121.3125155,640704,San Joaquin,San Joaquin County,City,Limited,Prohibited,Prohibited,Prohibited,Prohibited,Prohibited,Retail (Storefront):  Limit 1 licensee,,2022-01-22,No,No,,,24
Coalinga,Coalinga,36.1330557,-120.3390286,614274,Fresno,Fresno County,City,Allowed,Allowed,Allowed,Allowed,Allowed,Allowed,,,2022-01-22,No,No,,,16
Hanford,Hanford,36.3259567,-119.6538807,631960,Kings,Kings County,City,Allowed,Allowed,Allowed,Allowed,Limited,Allowed,Cultivation: Indoor only,,2022-01-22,No,No,,,58
Turlock,Turlock,37.5045611,-120.8569962,680812,Stanislaus,Stanislaus County,City,Allowed,Limited,Allowed,Allowed,Limited,Allowed,"Retail (Non-storefront): Delivery by storefront only
Cultivation: Indoor only",Micro: Silent,2022-01-22,No,No,,,74
Napa,Napa,38.2972195,-122.3011697,650258,Napa,Napa County,City,Limited-Medical Only,Limited-Medical Only,Prohibited,Allowed,Prohibited,Prohibited,,,2022-01-22,No,No,,,80
Barstow,Barstow,34.8667883,-117.0430058,604030,San Bernardino,San Bernardino County,City,Allowed,Allowed,Allowed,Allowed,Limited,Allowed,Cultivation: Indoor only,,2022-01-22,No,No,,,24
Unincorporated Del Norte County,,,,,Del Norte,Del Norte County,County,Allowed,Prohibited,Prohibited,Allowed,Allowed,Prohibited,,"Retail (Non-storefront), Distribution, Testing, Micro: Silent",2022-01-22,No,No,No,27,
Costa Mesa,Costa Mesa,33.6659055,-117.9123358,616532,Orange,Orange County,City,Allowed,Allowed,Allowed,Allowed,Prohibited,Allowed,,,2022-01-22,No,No,,,115
Lake Elsinore,Lake Elsinore,33.6885202,-117.3428734,639486,Riverside,Riverside County,City,Allowed,Prohibited,Allowed,Allowed,Limited,Allowed,Cultivation: Indoor only,Micro: Silent,2022-01-22,No,No,,,63
South San Francisco,South San Francisco,37.6551037,-122.3762341,673262,San Mateo,San Mateo County,City,Prohibited,Allowed,Allowed,Allowed,Limited,Allowed,Cultivation: Indoor only,,2022-01-22,No,No,,,67
Riverbank,Riverbank,37.7256023,-120.9381351,661068,Stanislaus,Stanislaus County,City,Allowed,Allowed,Prohibited,Prohibited,Limited,Allowed,Cultivation: Indoor only,"Distribution, Manufacturing, Micro: Silent",2022-01-22,No,No,,,25
San Diego,San Diego,32.8152995,-117.1349930,666000,San Diego,San Diego County,City,Allowed,Allowed,Allowed,Allowed,Allowed,Allowed,,Micro: Silent,2022-01-22,No,No,,,1
Unincorporated San Luis Obispo County,,,,,San Luis Obispo,San Luis Obispo County,County,Prohibited,Allowed,Allowed,Allowed,Limited,Allowed,Cultivation: Indoor only,Micro: Silent,2022-01-22,No,No,No,280,
Yountville,Yountville,38.3955283,-122.3669157,686930,Napa,Napa County,City,Prohibited,Allowed,Prohibited,Prohibited,Prohibited,Prohibited,,,2022-01-22,No,No,,,2
Lompoc,Lompoc,34.6626889,-120.4708370,642524,Santa Barbara,Santa Barbara County,City,Allowed,Allowed,Allowed,Allowed,Limited,Allowed,Cultivation: Indoor only,,2022-01-22,No,No,,,43
Unincorporated Alameda County,,,,,Alameda,Alameda County,County,Allowed,Allowed,Limited,Limited,Allowed,Allowed,"Distribution and manufacturing: Cultivator or microbusiness only
",,2022-01-22,No,No,No,1,
Crescent City,Crescent City,41.7645143,-124.2007785,617022,Del Norte,Del Norte County,City,Allowed,Allowed,Allowed,Limited,Limited,Allowed,"Manufacturing: Non-volatile only
Cultivation: Indoor only",,2022-01-22,No,No,,,6
Guadalupe,Guadalupe,34.9616314,-120.5733774,631414,Santa Barbara,Santa Barbara County,City,Allowed,Allowed,Allowed,Allowed,Limited,Allowed,"Cultivation: Processor only
Microbusiness: No cultivation",,2022-01-22,No,No,,,7
San Jose,San Jose,37.2967394,-121.8189089,668000,Santa Clara,Santa Clara County,City,Limited,Limited,Allowed,Allowed,Limited,Allowed,"Pre-existing operators only, must have registered with city prior to Dec 18, 2015",,2022-01-22,No,No,,,1
Cudahy,Cudahy,33.9640029,-118.1825614,617498,Los Angeles,Los Angeles County,City,Prohibited,Limited-Medical Only,Limited-Medical Only,Limited-Medical Only,Limited-Medical Only,Limited-Medical Only,,,2022-01-22,No,No,,,24
Martinez,Martinez,37.9981228,-122.1144209,646114,Contra Costa,Contra Costa County,City,Allowed,Allowed,Allowed,Allowed,Prohibited,Allowed,,Micro: Silent,2022-01-22,No,No,,,38
Point Arena,Point Arena,38.9123087,-123.6957623,657876,Mendocino,Mendocino County,City,Allowed,Prohibited,Allowed,Allowed,Allowed,Allowed,,,2022-01-22,No,No,,,448
Clearlake,Clearlake,38.9600452,-122.6332316,613945,Lake,Lake County,City,Allowed,Allowed,Allowed,Allowed,Allowed,Allowed,,,2022-01-22,No,No,,,15
Fresno,Fresno,36.7836027,-119.7934453,627000,Fresno,Fresno County,City,Allowed,Limited,Allowed,Allowed,Limited,Allowed,"Retail (Non-storefront): Must be part of a storefront
Cultivation: Indoor only",,2022-01-22,No,No,,,538
Chico,Chico,39.7554055,-121.8183895,613014,Butte,Butte County,City,Allowed,Allowed,Allowed,Allowed,Prohibited,Allowed,,,2022-01-22,No,No,,,92
Grover Beach,Grover Beach,35.1208877,-120.6196642,631393,San Luis Obispo,San Luis Obispo County,City,Allowed,Allowed,Allowed,Allowed,Allowed,Allowed,,,2022-01-22,No,No,,,13
Palm Springs,Palm Springs,33.8007326,-116.5367547,655254,Riverside,Riverside County,City,Allowed,Allowed,Allowed,Allowed,Allowed,Allowed,,Micro: Silent,2022-01-22,No,No,,,47
Alameda,Alameda,37.7419107,-122.2599139,600562,Alameda,Alameda County,City,Allowed,Allowed,Allowed,Allowed,Limited,Allowed,Cultivation: Nursery Only,,2022-01-22,No,No,,,78
Bellflower,Bellflower,33.8878214,-118.1272504,604982,Los Angeles,Los Angeles County,City,Allowed,Allowed,Allowed,Allowed,Allowed,Allowed,,,2022-01-22,No,No,,,77
Lemon Grove,Lemon Grove,32.7330714,-117.0344138,641124,San Diego,San Diego County,City,Allowed,Allowed,Allowed,Allowed,Allowed,Prohibited,,"Testing, Micro: Silent",2022-01-22,No,No,,,26
Hesperia,Hesperia,34.3970383,-117.3151976,633434,San Bernardino,San Bernardino County,City,Prohibited,Limited-Medical Only,Prohibited,Prohibited,Prohibited,Prohibited,,,2022-01-22,No,No,,,94
Bishop,Bishop,37.3663813,-118.3958082,606798,Inyo,Inyo County,City,Limited,Limited,Prohibited,Prohibited,Prohibited,Prohibited,Retail (all): Limit 2 licensees,,2022-01-22,No,No,,,3
San Leandro,San Leandro,37.7033683,-122.1630360,668084,Alameda,Alameda County,City,Allowed,Allowed,Allowed,Allowed,Prohibited,Allowed,,Micro: Silent,2022-01-22,No,No,,,87
Watsonville,Watsonville,36.9196077,-121.7702498,683668,Santa Cruz,Santa Cruz County,City,Allowed,Allowed,Allowed,Allowed,Allowed,Allowed,,,2022-01-22,No,No,,,53
Atascadero,Atascadero,35.4858195,-120.6896669,603064,San Luis Obispo,San Luis Obispo County,City,Prohibited,Allowed,Prohibited,Prohibited,Prohibited,Allowed,,,2022-01-22,No,No,,,31
Mendota,Mendota,36.7559904,-120.3782366,646828,Fresno,Fresno County,City,Allowed,Allowed,Allowed,Allowed,Allowed,Allowed,,,2022-01-22,No,No,,,12
Ceres,Ceres,37.5991087,-120.9684320,612524,Stanislaus,Stanislaus County,City,Allowed,Allowed,Allowed,Allowed,Limited,Allowed,Cultivation: Indoor only,,2022-01-22,No,No,,,48
Redding,Redding,40.5674321,-122.3648270,659920,Shasta,Shasta County,City,Allowed,Allowed,Allowed,Allowed,Limited,Allowed,Cultivation: Indoor only,,2022-01-22,No,No,,,91
King City,King City,36.2162833,-121.1319616,638520,Monterey,Monterey County,City,Allowed,Allowed,Allowed,Allowed,Limited,Allowed,Cultivation: Indoor only,,2022-01-22,No,No,,,14
San Rafael,San Rafael,37.9810032,-122.5069297,668364,Marin,Marin County,City,Prohibited,Allowed,Allowed,Limited,Prohibited,Allowed,Manufacturing: Type N only,,2022-01-22,No,No,,,60
Huntington Park,Huntington Park,33.9792475,-118.2174380,636056,Los Angeles,Los Angeles County,City,Limited-Medical Only,Limited,Prohibited,Allowed,Allowed,Prohibited,Retail (Non-storefront): delivery from storefronts only,"Distribution, Testing: Silent",2022-01-22,No,No,,,59
Unincorporated Trinity County,,,,,Trinity,Trinity County,County,Prohibited,Allowed,Allowed,Allowed,Allowed,Allowed,,,2022-01-22,No,No,No,13,
Gustine,Gustine,37.2545144,-120.9948698,631568,Merced,Merced County,City,Allowed,Allowed,Allowed,Allowed,Limited,Prohibited,Cultivation: Indoor only,Testing: Silent,2022-01-22,No,No,,,5
American Canyon,American Canyon,38.1790331,-122.2596023,601640,Napa,Napa County,City,Prohibited,Allowed,Allowed,Allowed,Limited,Allowed,Cultivation: Indoor only,,2022-01-22,No,No,,,20
Weed,Weed,41.4120866,-122.3809655,683850,Siskiyou,Siskiyou County,City,Allowed,Allowed,Prohibited,Prohibited,Limited,Prohibited,Cultivation: Indoor only,"Distribution, Manufacturing, Testing, Micro: Silent",2022-01-22,No,No,,,2
Emeryville,Emeryville,37.8399065,-122.2989635,622594,Alameda,Alameda County,City,Allowed,Allowed,Allowed,Allowed,Prohibited,Allowed,,,2022-01-22,No,No,,,11
Vista,Vista,33.1895407,-117.2386078,682996,San Diego,San Diego County,City,Allowed,Allowed,Allowed,Allowed,Prohibited,Allowed,,Micro: Silent,2022-01-22,No,No,,,103
South Lake Tahoe,South Lake Tahoe,38.9392299,-119.9822156,673108,El Dorado,El Dorado County,City,Allowed,Allowed,Allowed,Allowed,Allowed,Allowed,,,2022-01-22,No,No,,,21
Oceanside,Oceanside,33.2245045,-117.3062398,653322,San Diego,San Diego County,City,Prohibited,Allowed,Allowed,Allowed,Allowed,Allowed,,Micro: Silent,2022-01-22,No,No,,,177
Vallejo,Vallejo,38.1079211,-122.2639644,681666,Solano,Solano County,City,Allowed,Allowed,Allowed,Allowed,Allowed,Allowed,,,2022-01-22,No,No,,,119
Pacifica,Pacifica,37.6066267,-122.4772114,654806,San Mateo,San Mateo County,City,Allowed,Limited,Allowed,Allowed,Prohibited,Allowed,Retail (Non-Storefront): Delivery from storefront only,Micro: Silent,2022-01-22,No,No,,,38
San Luis Obispo,San Luis Obispo,35.2639540,-120.6611260,668154,San Luis Obispo,San Luis Obispo County,City,Allowed,Allowed,Allowed,Allowed,Limited,Allowed,Cultivation: Indoor only,,2022-01-22,No,No,,,46
Fairfax,Fairfax,37.9883780,-122.5950965,623168,Marin,Marin County,City,Limited-Medical Only,Allowed,Prohibited,Prohibited,Prohibited,Prohibited,,,2022-01-22,No,No,,,7
Dixon,Dixon,38.4475120,-121.8242225,619402,Solano,Solano County,City,Allowed,Allowed,Prohibited,Allowed,Limited,Allowed,Cultivation: Indoor only,Distribution: Silent,2022-01-22,No,No,,,19
El Centro,El Centro,32.7873249,-115.5580064,621782,Imperial,Imperial County,City,Allowed,Prohibited,Prohibited,Prohibited,Prohibited,Prohibited,,,2022-01-22,No,No,,,46
Sonoma,Sonoma,38.2903313,-122.4598310,672646,Sonoma,Sonoma County,City,Allowed,Allowed,Allowed,Limited,Prohibited,Allowed,Manufacturing: Type N or P only,,2022-01-22,No,No,,,11
La Quinta,La Quinta,33.6417665,-116.2739430,640354,Riverside,Riverside County,City,Prohibited,Limited-Medical Only,Prohibited,Prohibited,Prohibited,Prohibited,,,2022-01-22,No,No,,,41
Wildomar,Wildomar,33.6172779,-117.2582476,685446,Riverside,Riverside County,City,Allowed,Allowed,Allowed,Allowed,Allowed,Allowed,,Micro: Silent,2022-01-22,No,No,,,36
Willows,Willows,39.5147524,-122.1991778,685684,Glenn,Glenn County,City,Allowed,Limited,Prohibited,Prohibited,Prohibited,Prohibited,Retail (Non-storefront): Delivery from storefront only,,2022-01-22,No,No,,,6
Long Beach,Long Beach,33.8091789,-118.1552902,643000,Los Angeles,Los Angeles County,City,Allowed,Allowed,Allowed,Allowed,Allowed,Allowed,,,2022-01-22,No,No,,,478
Commerce,Commerce,33.9945234,-118.1499518,614974,Los Angeles,Los Angeles County,City,Prohibited,Allowed,Allowed,Allowed,Limited,Allowed,Cultivation: Indoor only,,2022-01-22,No,No,,,13
Lakeport,Lakeport,39.0382153,-122.9226970,639710,Lake,Lake County,City,Prohibited,Allowed,Allowed,Allowed,Limited,Allowed,Cultivation: Indoor only,,2022-01-22,No,No,,,5
Unincorporated Lassen County,,,,,Lassen,Lassen County,County,Allowed,Prohibited,Prohibited,Prohibited,Prohibited,Allowed,,,2022-01-22,No,No,No,30,
Unincorporated Calaveras County,,,,,Calaveras,Calaveras County,County,Allowed,Prohibited,Allowed,Prohibited,Allowed,Prohibited,,Microbusiness: Co-location allowed,2022-01-22,No,No,No,45,
La Mesa,La Mesa,32.7694947,-117.0219232,640004,San Diego,San Diego County,City,Allowed,Prohibited,Allowed,Allowed,Allowed,Allowed,,Micro: Silent,2022-01-22,No,No,,,61
Salinas,Salinas,36.6901821,-121.6337145,664224,Monterey,Monterey County,City,Allowed,Allowed,Allowed,Allowed,Limited,Allowed,Cultivation: Indoor only,Micro: Silent,2022-01-22,No,No,,,161
Ventura (San Buenaventura),San Buenaventura (Ventura),34.2677796,-119.2542062,665042,Ventura,Ventura County,City,Allowed,Allowed,Allowed,Allowed,Prohibited,Allowed,Microbusiness: No cultivation,,2022-01-22,No,No,,,111
Lemoore,Lemoore,36.2959537,-119.7982556,641152,Kings,Kings County,City,Allowed,Allowed,Allowed,Allowed,Allowed,Allowed,,Micro: Silent,2022-01-22,No,No,,,25
Unincorporated Tulare County,,,,,Tulare,Tulare County,County,Limited-Medical Only,Prohibited,Prohibited,Prohibited,Limited-Medical Only,Prohibited,,Allows delivery from outside jurisdiction,2022-01-22,No,No,No,475,
Santa Rosa,Santa Rosa,38.4468158,-122.7061361,670098,Sonoma,Sonoma County,City,Allowed,Allowed,Allowed,Allowed,Limited,Allowed,Cultivation: Indoor only,,2022-01-22,No,No,,,178
Truckee,Truckee,39.3505492,-120.1939411,680588,Nevada,Nevada County,City,Prohibited,Allowed,Prohibited,Prohibited,Prohibited,Prohibited,,,2022-01-22,No,No,,,16
Del Rey Oaks,Del Rey Oaks,36.5825013,-121.8297974,618688,Monterey,Monterey County,City,Allowed,Allowed,Allowed,Allowed,Limited,Allowed,Cultivation: Indoor only,Micro: Silent,2022-01-22,No,No,,,1
Willits,Willits,39.4050065,-123.3488889,685600,Mendocino,Mendocino County,City,Allowed,Allowed,Allowed,Allowed,Allowed,Allowed,,,2022-01-22,No,No,,,5
Solvang,Solvang,34.5937578,-120.1396803,672576,Santa Barbara,Santa Barbara County,City,Limited-Medical Only,Limited-Medical Only,Limited-Medical Only,Limited-Medical Only,Limited-Medical Only,Limited-Medical Only,,,2022-01-22,No,No,,,5
Oakland,Oakland,37.7698464,-122.2256900,653000,Alameda,Alameda County,City,Allowed,Allowed,Allowed,Allowed,Allowed,Allowed,,,2022-01-22,No,No,,,428
Port Hueneme,Port Hueneme,34.1621431,-119.2041771,658296,Ventura,Ventura County,City,Allowed,Allowed,Allowed,Allowed,Limited,Allowed,Cultivation: Indoor only,,2022-01-22,No,No,,,23
Rio Vista,Rio Vista,38.1751526,-121.7085860,660984,Solano,Solano County,City,Allowed,Allowed,Allowed,Allowed,Limited,Allowed,Cultivation: Indoor only,,2022-01-22,No,No,,,9
Oakdale,Oakdale,37.7616661,-120.8464343,652694,Stanislaus,Stanislaus County,City,Allowed,Prohibited,Allowed,Allowed,Allowed,Allowed,,Micro: Silent,2022-01-22,No,No,,,23
Unincorporated Riverside County,,,,,Riverside,Riverside County,County,Allowed,Allowed,Allowed,Allowed,Limited,Allowed,Cultivation: Indoor only,,2022-01-22,No,No,No,2,
Marysville,Marysville,39.1515353,-121.5833738,646170,Yuba,Yuba County,City,Allowed,Allowed,Allowed,Allowed,Limited,Allowed,Cultivation: Indoor only,,2022-01-22,No,No,,,11
Desert Hot Springs,Desert Hot Springs,33.9575914,-116.5422837,618996,Riverside,Riverside County,City,Allowed,Allowed,Allowed,Allowed,Allowed,Allowed,,,2022-01-22,No,No,,,29
Unincorporated El Dorado County,,,,,El Dorado,El Dorado County,County,Allowed,Allowed,Allowed,Allowed,Allowed,Allowed,,Micro: Silent,2022-01-22,No,No,No,188,
Tulare,Tulare,36.1993663,-119.3419206,680644,Tulare,Tulare County,City,Allowed,Prohibited,Prohibited,Prohibited,Prohibited,Prohibited,,,2022-01-22,No,No,,,65
Suisun City,Suisun City,38.2483339,-122.0100659,675630,Solano,Solano County,City,Allowed,Allowed,Allowed,Allowed,Limited,Allowed,Cultivation: Indoor only,,2022-01-22,No,No,,,29
Unincorporated Imperial County,,,,,Imperial,Imperial County,County,Allowed,Allowed,Allowed,Allowed,Allowed,Allowed,,,2022-01-22,No,No,No,190,
Marina,Marina,36.6805918,-121.7900735,645778,Monterey,Monterey County,City,Allowed,Allowed,Allowed,Allowed,Allowed,Allowed,,,2022-01-22,No,No,,,22
Mountain View,Mountain View,37.3996860,-122.0792687,649670,Santa Clara,Santa Clara County,City,Allowed,Allowed,Prohibited,Prohibited,Prohibited,Prohibited,,,2022-01-22,No,No,,,81
California City,California City,35.1465903,-117.8693463,609780,Kern,Kern County,City,Limited,Allowed,Allowed,Allowed,Allowed,Allowed,Retail (storefront): Limit 2 licensees,,2022-01-22,No,No,,,14
Mount Shasta,Mount Shasta,41.3208797,-122.3154809,649852,Siskiyou,Siskiyou County,City,Allowed,Limited-Medical Only,Allowed,Allowed,Allowed,Allowed,,Micro: Silent,2022-01-22,No,No,,,3
Pomona,Pomona,34.0584937,-117.7610909,658072,Los Angeles,Los Angeles County,City,Allowed,Allowed,Allowed,Allowed,Limited,Allowed,Cultivation: Indoor only,,2022-01-22,No,No,,,155
Santa Monica,Santa Monica,34.0234128,-118.4816663,670000,Los Angeles,Los Angeles County,City,Limited-Medical Only,Prohibited,Prohibited,Limited-Medical Only,Prohibited,Prohibited,,Retail (non-storefront): Silent on medical,2022-01-22,No,No,,,92
Ojai,Ojai,34.4482528,-119.2465775,653476,Ventura,Ventura County,City,Allowed,Allowed,Prohibited,Allowed,Prohibited,Allowed,,Distribution: Silent,2022-01-22,No,No,,,7
Unincorporated Marin County,,,,,Marin,Marin County,County,Prohibited,Limited-Medical Only,Prohibited,Prohibited,Prohibited,Prohibited,,,2022-01-22,No,No,No,263,
Sebastopol,Sebastopol,38.3999838,-122.8277275,670770,Sonoma,Sonoma County,City,Allowed,Allowed,Allowed,Allowed,Limited,Allowed,Cultivation: Indoor only,,2022-01-22,No,No,,,7
Davis,Davis,38.5561470,-121.7377925,618100,Yolo,Yolo County,City,Allowed,Allowed,Allowed,Allowed,Prohibited,Allowed,,,2022-01-22,No,No,,,68
Vacaville,Vacaville,38.3586211,-121.9686015,681554,Solano,Solano County,City,Allowed,Allowed,Allowed,Allowed,Prohibited,Allowed,Microbusiness: No cultivation,,2022-01-22,No,No,,,98
Pasadena,Pasadena,34.1605920,-118.1395930,656000,Los Angeles,Los Angeles County,City,Allowed,Allowed,Allowed,Allowed,Allowed,Allowed,,Micro: Silent,2022-01-22,No,No,,,144
Cloverdale,Cloverdale,38.7959624,-123.0153700,614190,Sonoma,Sonoma County,City,Allowed,Allowed,Allowed,Allowed,Allowed,Allowed,,,2022-01-22,No,No,,,9
Mammoth Lakes,Mammoth Lakes,37.6088480,-118.9712613,645358,Mono,Mono County,City,Allowed,Prohibited,Allowed,Limited,Limited,Allowed,"Manufacturing: Non-volatile only
Cultivation: Indoor only",,2022-01-22,No,No,,,8
Isleton,Isleton,38.1612520,-121.6049577,636882,Sacramento,Sacramento County,City,Allowed,Allowed,Allowed,Allowed,Limited,Allowed,Cultivation: Indoor only,,2022-01-22,No,No,,,837
West Hollywood,West Hollywood,34.0882673,-118.3718297,684410,Los Angeles,Los Angeles County,City,Allowed,Allowed,Prohibited,Prohibited,Prohibited,Prohibited,,"Distribution, Manufacturing, Cultivation, Testing, Micro: Silent",2022-01-22,No,No,,,36
El Cerrito,El Cerrito,37.9196297,-122.3025159,621796,Contra Costa,Contra Costa County,City,Allowed,Prohibited,Prohibited,Prohibited,Prohibited,Prohibited,,,2022-01-22,No,No,,,24
Mill Valley,Mill Valley,37.9081217,-122.5423253,647710,Marin,Marin County,City,Prohibited,Prohibited,Prohibited,Prohibited,Prohibited,Prohibited,,Allows medical delivery from outside jurisdiction,2022-01-22,Yes,Yes,,,14
Ridgecrest,Ridgecrest,35.6285421,-117.6639923,660704,Kern,Kern County,City,Prohibited,Prohibited,Prohibited,Prohibited,Prohibited,Prohibited,,,2022-01-22,Yes,Yes,,,28
Monrovia,Monrovia,34.1639973,-117.9846118,648648,Los Angeles,Los Angeles County,City,Prohibited,Prohibited,Prohibited,Prohibited,Prohibited,Allowed,,,2022-01-22,No,Yes,,,38
Albany,Albany,37.8906499,-122.3181164,600674,Alameda,Alameda County,City,Prohibited,Prohibited,Prohibited,Prohibited,Prohibited,Prohibited,,"Distribution, Testing, Micro: Silent",2022-01-22,Yes,Yes,,,19
Carmel-by-the-Sea,Carmel-by-the-Sea,36.5529458,-121.9218892,611250,Monterey,Monterey County,City,Prohibited,Prohibited,Prohibited,Prohibited,Prohibited,Prohibited,,,2022-01-22,Yes,Yes,,,3
Laguna Woods,Laguna Woods,33.6129246,-117.7314430,639259,Orange,Orange County,City,Prohibited,Prohibited,Prohibited,Prohibited,Prohibited,Prohibited,,Allows delivery from outside jurisdiction,2022-01-22,Yes,Yes,,,16
East Palo Alto,East Palo Alto,37.4677798,-122.1325502,620956,San Mateo,San Mateo County,City,Prohibited,Prohibited,Prohibited,Prohibited,Prohibited,Prohibited,,,2022-01-22,Yes,Yes,,,30
Glendora,Glendora,34.1449667,-117.8476672,630014,Los Angeles,Los Angeles County,City,Prohibited,Prohibited,Prohibited,Prohibited,Prohibited,Prohibited,,,2022-01-22,Yes,Yes,,,52
Glendale,Glendale,34.1813929,-118.2458301,630000,Los Angeles,Los Angeles County,City,Prohibited,Prohibited,Prohibited,Prohibited,Prohibited,Prohibited,,,2022-01-22,Yes,Yes,,,205
Selma,Selma,36.5743083,-119.6155826,670882,Fresno,Fresno County,City,Prohibited,Prohibited,Prohibited,Prohibited,Prohibited,Prohibited,,,2022-01-22,Yes,Yes,,,24
Laguna Beach,Laguna Beach,33.5428910,-117.7624901,639178,Orange,Orange County,City,Prohibited,Prohibited,Prohibited,Prohibited,Prohibited,Prohibited,,"Manufacturing, Testing, Micro: Silent",2022-01-22,Yes,Yes,,,23
San Clemente,San Clemente,33.4491445,-117.6131194,665084,Orange,Orange County,City,Prohibited,Prohibited,Prohibited,Prohibited,Prohibited,Prohibited,,,2022-01-22,Yes,Yes,,,65
Duarte,Duarte,34.1609114,-117.9505275,619990,Los Angeles,Los Angeles County,City,Prohibited,Prohibited,Prohibited,Prohibited,Prohibited,Prohibited,,,2022-01-22,Yes,Yes,,,22
Yucca Valley,Yucca Valley,34.1230893,-116.4214814,687056,San Bernardino,San Bernardino County,City,Prohibited,Prohibited,Prohibited,Prohibited,Prohibited,Prohibited,,,2022-01-22,Yes,Yes,,,21
Simi Valley,Simi Valley,34.2668875,-118.7484575,672016,Ventura,Ventura County,City,Prohibited,Prohibited,Prohibited,Prohibited,Prohibited,Prohibited,,,2022-01-22,Yes,Yes,,,128
Artesia,Artesia,33.8675926,-118.0806353,602896,Los Angeles,Los Angeles County,City,Prohibited,Prohibited,Prohibited,Prohibited,Prohibited,Prohibited,,,2022-01-22,Yes,Yes,,,16
Tustin,Tustin,33.7309083,-117.8106005,680854,Orange,Orange County,City,Prohibited,Prohibited,Prohibited,Prohibited,Prohibited,Prohibited,,,2022-01-22,Yes,Yes,,,82
Baldwin Park,Baldwin Park,34.0828245,-117.9712858,603666,Los Angeles,Los Angeles County,City,Prohibited,Prohibited,Allowed,Allowed,Limited,Prohibited,Cultivation: Indoor only,,2022-01-22,No,Yes,,,76
Unincorporated Sierra County,,,,,Sierra,Sierra County,County,Prohibited,Prohibited,Prohibited,Prohibited,Prohibited,Prohibited,,Allows delivery from outside jurisdiction,2022-01-22,Yes,Yes,Yes,3,
Santa Paula,Santa Paula,34.3523140,-119.0688457,670042,Ventura,Ventura County,City,Prohibited,Prohibited,Prohibited,Prohibited,Prohibited,Allowed,,,2022-01-22,No,Yes,,,31
Los Altos,Los Altos,37.3685375,-122.0966288,643280,Santa Clara,Santa Clara County,City,Prohibited,Prohibited,Prohibited,Prohibited,Prohibited,Prohibited,,Allows delivery from outside jurisdiction,2022-01-22,Yes,Yes,,,31
Hermosa Beach,Hermosa Beach,33.8652682,-118.3962966,633364,Los Angeles,Los Angeles County,City,Prohibited,Prohibited,Prohibited,Prohibited,Prohibited,Prohibited,,,2022-01-22,Yes,Yes,,,19
Palos Verdes Estates,Palos Verdes Estates,33.7865188,-118.3949114,655380,Los Angeles,Los Angeles County,City,Prohibited,Prohibited,Prohibited,Prohibited,Prohibited,Prohibited,,,2022-01-22,Yes,Yes,,,13
Loomis,Loomis,38.8093681,-121.1954675,643140,Placer,Placer County,City,Prohibited,Prohibited,Prohibited,Prohibited,Prohibited,Prohibited,,,2022-01-22,Yes,Yes,,,6
Corte Madera,Corte Madera,37.9318458,-122.5077378,616462,Marin,Marin County,City,Prohibited,Prohibited,Prohibited,Prohibited,Prohibited,Prohibited,,Allows delivery from outside jurisdiction,2022-01-22,Yes,Yes,,,10
Morgan Hill,Morgan Hill,37.1323963,-121.6409989,649278,Santa Clara,Santa Clara County,City,Prohibited,Prohibited,Prohibited,Prohibited,Prohibited,Prohibited,,Testing: Silent,2022-01-22,Yes,Yes,,,44
Unincorporated Nevada County,,,,,Nevada,Nevada County,County,Prohibited,Prohibited,Limited,Prohibited,Limited-Medical Only,Prohibited,"Distribution: Self-distribution by cultivators only
",,2022-01-22,No,Yes,No,99,
Foster City,Foster City,37.5648200,-122.2507815,625338,San Mateo,San Mateo County,City,Prohibited,Prohibited,Prohibited,Prohibited,Prohibited,Allowed,,Allows delivery from outside jurisdiction,2022-01-22,No,Yes,,,33
Sand City,Sand City,36.6219032,-121.8475249,665112,Monterey,Monterey County,City,Prohibited,Prohibited,Prohibited,Prohibited,Prohibited,Prohibited,,,2022-01-22,Yes,Yes,,,394
Unincorporated Sacramento County,,,,,Sacramento,Sacramento County,County,Prohibited,Prohibited,Prohibited,Prohibited,Prohibited,Prohibited,,,2022-01-22,Yes,Yes,Yes,1,
Elk Grove,Elk Grove,38.4146207,-121.3849614,622020,Sacramento,Sacramento County,City,Prohibited,Prohibited,Prohibited,Prohibited,Prohibited,Prohibited,,"Distribution, Manufacturing, Cultivation, Testing, Micro: Silent",2022-01-22,Yes,Yes,,,172
Rocklin,Rocklin,38.8080407,-121.2503648,662364,Placer,Placer County,City,Prohibited,Prohibited,Prohibited,Prohibited,Prohibited,Prohibited,,,2022-01-22,Yes,Yes,,,66
Coronado,Coronado,32.6572021,-117.1561371,616378,San Diego,San Diego County,City,Prohibited,Prohibited,Prohibited,Prohibited,Prohibited,Prohibited,,,2022-01-22,Yes,Yes,,,21
Huron,Huron,36.2039785,-120.0961776,636084,Fresno,Fresno County,City,Prohibited,Prohibited,Prohibited,Prohibited,Prohibited,Prohibited,,,2022-01-22,Yes,Yes,,,7
Tehama,Tehama,40.0217761,-122.1269008,678106,Tehama,Tehama County,City,Prohibited,Prohibited,Prohibited,Prohibited,Prohibited,Prohibited,,,2022-01-22,Yes,Yes,,,430
Whittier,Whittier,33.9668274,-118.0201222,685292,Los Angeles,Los Angeles County,City,Prohibited,Prohibited,Prohibited,Prohibited,Prohibited,Prohibited,,,2022-01-22,Yes,Yes,,,87
Campbell,Campbell,37.2802323,-121.9543517,610345,Santa Clara,Santa Clara County,City,Prohibited,Prohibited,Prohibited,Prohibited,Prohibited,Prohibited,,Allows medical delivery from outside jurisdiction,2022-01-22,Yes,Yes,,,42
Orinda,Orinda,37.8816136,-122.1685852,654232,Contra Costa,Contra Costa County,City,Prohibited,Prohibited,Prohibited,Prohibited,Prohibited,Prohibited,,,2022-01-22,Yes,Yes,,,19
El Cajon,El Cajon,32.8016713,-116.9603972,621712,San Diego,San Diego County,City,Prohibited,Prohibited,Prohibited,Prohibited,Prohibited,Prohibited,,,2022-01-22,Yes,Yes,,,105
Winters,Winters,38.5332708,-121.9754730,686034,Yolo,Yolo County,City,Prohibited,Prohibited,Prohibited,Prohibited,Prohibited,Prohibited,,,2022-01-22,Yes,Yes,,,7
Danville,Danville,37.8121407,-121.9698219,617988,Contra Costa,Contra Costa County,City,Prohibited,Prohibited,Prohibited,Prohibited,Prohibited,Prohibited,,,2022-01-22,Yes,Yes,,,44
Hercules,Hercules,38.0214271,-122.2889290,633308,Contra Costa,Contra Costa County,City,Prohibited,Prohibited,Prohibited,Prohibited,Prohibited,Prohibited,,,2022-01-22,Yes,Yes,,,26
Inglewood,Inglewood,33.9560678,-118.3442743,636546,Los Angeles,Los Angeles County,City,Prohibited,Prohibited,Prohibited,Prohibited,Prohibited,Prohibited,,,2022-01-22,Yes,Yes,,,113
Santa Maria,Santa Maria,34.9332137,-120.4438151,669196,Santa Barbara,Santa Barbara County,City,Prohibited,Prohibited,Prohibited,Prohibited,Prohibited,Prohibited,,Allows medical delivery from outside jurisdiction,2022-01-22,Yes,Yes,,,108
Newman,Newman,37.3156543,-121.0211254,651140,Stanislaus,Stanislaus County,City,Prohibited,Prohibited,Prohibited,Prohibited,Prohibited,Prohibited,,,2022-01-22,Yes,Yes,,,11
Lomita,Lomita,33.7933091,-118.3174455,642468,Los Angeles,Los Angeles County,City,Prohibited,Prohibited,Prohibited,Prohibited,Prohibited,Prohibited,,,2022-01-22,Yes,Yes,,,20
Woodside,Woodside,37.4221552,-122.2590839,686440,San Mateo,San Mateo County,City,Prohibited,Prohibited,Prohibited,Prohibited,Prohibited,Prohibited,,Allows delivery from outside jurisdiction,2022-01-22,Yes,Yes,,,5
La Palma,La Palma,33.8506159,-118.0395647,640256,Orange,Orange County,City,Prohibited,Prohibited,Prohibited,Prohibited,Prohibited,Prohibited,,,2022-01-22,Yes,Yes,,,15
Williams,Williams,39.1486777,-122.1372495,685586,Colusa,Colusa County,City,Prohibited,Prohibited,Allowed,Allowed,Allowed,Allowed,,Micro: Silent,2022-01-22,No,Yes,,,5
Unincorporated Santa Clara County,,,,,Santa Clara,Santa Clara County,County,Prohibited,Prohibited,Prohibited,Prohibited,Prohibited,Prohibited,,,2022-01-22,Yes,Yes,Yes,1,
Delano,Delano,35.7631833,-119.2635598,618394,Kern,Kern County,City,Prohibited,Prohibited,Prohibited,Prohibited,Prohibited,Prohibited,,,2022-01-22,Yes,Yes,,,53
Orland,Orland,39.7460220,-122.1850001,654274,Glenn,Glenn County,City,Prohibited,Prohibited,Prohibited,Prohibited,Prohibited,Prohibited,,Testing: Silent,2022-01-22,Yes,Yes,,,7
Torrance,Torrance,33.8349663,-118.3414307,680000,Los Angeles,Los Angeles County,City,Prohibited,Prohibited,Prohibited,Prohibited,Prohibited,Prohibited,,,2022-01-22,Yes,Yes,,,149
Atherton,Atherton,37.4570721,-122.2010583,603092,San Mateo,San Mateo County,City,Prohibited,Prohibited,Prohibited,Prohibited,Prohibited,Prohibited,,Silent for all CCA activities,2022-01-22,Yes,Yes,,,7
San Bruno,San Bruno,37.6253897,-122.4313027,665028,San Mateo,San Mateo County,City,Prohibited,Prohibited,Prohibited,Prohibited,Prohibited,Prohibited,,,2022-01-22,Yes,Yes,,,46
Trinidad,Trinidad,41.0577077,-124.1432550,680448,Humboldt,Humboldt County,City,Prohibited,Prohibited,Prohibited,Prohibited,Prohibited,Prohibited,,,2022-01-22,Yes,Yes,,,340
Unincorporated San Benito County,,,,,San Benito,San Benito County,County,Prohibited,Prohibited,Allowed,Allowed,Limited,Allowed,"Cultivation: Indoor only
Microbusiness: No retail",Allows delivery from outside jurisdiction but requires a county permit,2022-01-22,No,Yes,No,57,
Unincorporated Shasta County,,,,,Shasta,Shasta County,County,Prohibited,Prohibited,Prohibited,Prohibited,Prohibited,Prohibited,,,2022-01-22,Yes,Yes,Yes,178,
Ross,Ross,37.9638151,-122.5615688,662980,Marin,Marin County,City,Prohibited,Prohibited,Prohibited,Prohibited,Prohibited,Prohibited,,Allows medical delivery from outside jurisdiction,2022-01-22,Yes,Yes,,,2
Menlo Park,Menlo Park,37.4797313,-122.1480548,646870,San Mateo,San Mateo County,City,Prohibited,Prohibited,Prohibited,Prohibited,Prohibited,Prohibited,,Allows delivery from outside jurisdiction,2022-01-22,Yes,Yes,,,35
Belmont,Belmont,37.5143975,-122.2944751,605108,San Mateo,San Mateo County,City,Prohibited,Prohibited,Prohibited,Prohibited,Prohibited,Prohibited,,,2022-01-22,Yes,Yes,,,27
La Verne,La Verne,34.1205212,-117.7699278,640830,Los Angeles,Los Angeles County,City,Prohibited,Prohibited,Prohibited,Prohibited,Prohibited,Prohibited,,,2022-01-22,Yes,Yes,,,33
Colma,Colma,37.6766900,-122.4526823,614736,San Mateo,San Mateo County,City,Prohibited,Prohibited,Prohibited,Prohibited,Prohibited,Prohibited,,,2022-01-22,Yes,Yes,,,1
Hawthorne,Hawthorne,33.9147753,-118.3480828,632548,Los Angeles,Los Angeles County,City,Prohibited,Prohibited,Prohibited,Prohibited,Prohibited,Prohibited,,Retail (storefront): City is in the process of developing an ordinance after tax measure approved in 2020,2022-01-22,Yes,Yes,,,88
Wheatland,Wheatland,39.0311632,-121.3899957,685012,Yuba,Yuba County,City,Prohibited,Prohibited,Prohibited,Prohibited,Prohibited,Prohibited,,,2022-01-22,Yes,Yes,,,3
Anderson,Anderson,40.4505960,-122.2963035,602042,Shasta,Shasta County,City,Prohibited,Prohibited,Prohibited,Prohibited,Prohibited,Prohibited,,,2022-01-22,Yes,Yes,,,10
Poway,Poway,32.9877018,-117.0218426,658520,San Diego,San Diego County,City,Prohibited,Prohibited,Prohibited,Prohibited,Prohibited,Prohibited,,,2022-01-22,Yes,Yes,,,50
Soledad,Soledad,36.4379099,-121.3156119,672520,Monterey,Monterey County,City,Prohibited,Prohibited,Prohibited,Prohibited,Prohibited,Prohibited,,,2022-01-22,Yes,Yes,,,26
San Gabriel,San Gabriel,34.0946359,-118.0984687,667042,Los Angeles,Los Angeles County,City,Prohibited,Prohibited,Prohibited,Prohibited,Prohibited,Prohibited,,,2022-01-22,Yes,Yes,,,40
Unincorporated Alpine County,,,,,Alpine,Alpine County,County,Prohibited,Prohibited,Prohibited,Prohibited,Prohibited,Prohibited,,,2022-01-22,Yes,Yes,Yes,1,
Sierra Madre,Sierra Madre,34.1687705,-118.0502158,671806,Los Angeles,Los Angeles County,City,Prohibited,Prohibited,Prohibited,Prohibited,Prohibited,Prohibited,,,2022-01-22,Yes,Yes,,,10
Rosemead,Rosemead,34.0688796,-118.0826804,662896,Los Angeles,Los Angeles County,City,Prohibited,Prohibited,Prohibited,Prohibited,Prohibited,Prohibited,,,2022-01-22,Yes,Yes,,,55
Pleasanton,Pleasanton,37.6671852,-121.8812304,657792,Alameda,Alameda County,City,Prohibited,Prohibited,Prohibited,Prohibited,Prohibited,Prohibited,,,2022-01-22,Yes,Yes,,,79
Indian Wells,Indian Wells,33.6922173,-116.3412484,636434,Riverside,Riverside County,City,Prohibited,Prohibited,Prohibited,Prohibited,Prohibited,Prohibited,,,2022-01-22,Yes,Yes,,,5
South Gate,South Gate,33.9441585,-118.1927614,673080,Los Angeles,Los Angeles County,City,Prohibited,Prohibited,Prohibited,Prohibited,Prohibited,Prohibited,,,2022-01-22,Yes,Yes,,,98
Santee,Santee,32.8549903,-116.9860556,670224,San Diego,San Diego County,City,Prohibited,Prohibited,Prohibited,Prohibited,Prohibited,Prohibited,,Retail (storefront) - Measure to allow may be on 2022 ballot,2022-01-22,Yes,Yes,,,56
Norco,Norco,33.9255186,-117.5519578,651560,Riverside,Riverside County,City,Prohibited,Prohibited,Prohibited,Prohibited,Prohibited,Prohibited,,Testing: Silent,2022-01-22,Yes,Yes,,,26
Menifee,Menifee,33.6898575,-117.1843827,646842,Riverside,Riverside County,City,Prohibited,Prohibited,Prohibited,Prohibited,Prohibited,Prohibited,,,2022-01-22,Yes,Yes,,,91
Scotts Valley,Scotts Valley,37.0554998,-122.0117687,670588,Santa Cruz,Santa Cruz County,City,Prohibited,Prohibited,Prohibited,Prohibited,Prohibited,Prohibited,,,2022-01-22,Yes,Yes,,,12
Plymouth,Plymouth,38.4778909,-120.8410320,657834,Amador,Amador County,City,Prohibited,Prohibited,Prohibited,Prohibited,Prohibited,Prohibited,,,2022-01-22,Yes,Yes,,,1
Windsor,Windsor,38.5420993,-122.8086133,685922,Sonoma,Sonoma County,City,Prohibited,Prohibited,Prohibited,Prohibited,Prohibited,Prohibited,,,2022-01-22,Yes,Yes,,,28
Solana Beach,Solana Beach,32.9914992,-117.2581337,672506,San Diego,San Diego County,City,Prohibited,Prohibited,Prohibited,Prohibited,Prohibited,Prohibited,,,2022-01-22,Yes,Yes,,,13
Jackson,Jackson,38.3484537,-120.7723664,636980,Amador,Amador County,City,Prohibited,Prohibited,Prohibited,Prohibited,Prohibited,Prohibited,,,2022-01-22,Yes,Yes,,,4
Unincorporated Colusa County,,,,,Colusa,Colusa County,County,Prohibited,Prohibited,Allowed,Allowed,Limited,Allowed,Cultivation: Indoor only,,2022-01-22,No,Yes,No,22,
Unincorporated Madera County,,,,,Madera,Madera County,County,Prohibited,Prohibited,Prohibited,Prohibited,Prohibited,Prohibited,,,2022-01-22,Yes,Yes,Yes,158,
Loma Linda,Loma Linda,34.0439367,-117.2495416,642370,San Bernardino,San Bernardino County,City,Prohibited,Prohibited,Prohibited,Prohibited,Prohibited,Prohibited,,,2022-01-22,Yes,Yes,,,23
Ontario,Ontario,34.0394383,-117.6042147,653896,San Bernardino,San Bernardino County,City,Prohibited,Prohibited,Prohibited,Prohibited,Prohibited,Prohibited,,,2022-01-22,Yes,Yes,,,177
Fort Jones,Fort Jones,41.6084521,-122.8410656,625128,Siskiyou,Siskiyou County,City,Prohibited,Prohibited,Prohibited,Prohibited,Prohibited,Prohibited,,,2022-01-22,Yes,Yes,,,739
Red Bluff,Red Bluff,40.1735147,-122.2415247,659892,Tehama,Tehama County,City,Prohibited,Prohibited,Prohibited,Prohibited,Prohibited,Prohibited,,,2022-01-22,Yes,Yes,,,13
Hughson,Hughson,37.6021002,-120.8659790,634904,Stanislaus,Stanislaus County,City,Prohibited,Prohibited,Prohibited,Prohibited,Prohibited,Prohibited,,,2022-01-22,Yes,Yes,,,7
Santa Clara,Santa Clara,37.3646259,-121.9679274,669084,Santa Clara,Santa Clara County,City,Prohibited,Prohibited,Prohibited,Prohibited,Prohibited,Prohibited,,,2022-01-22,Yes,Yes,,,129
Lodi,Lodi,38.1216095,-121.2907652,642202,San Joaquin,San Joaquin County,City,Prohibited,Prohibited,Prohibited,Prohibited,Prohibited,Prohibited,,,2022-01-22,Yes,Yes,,,67
Saratoga,Saratoga,37.2684932,-122.0254127,670280,Santa Clara,Santa Clara County,City,Prohibited,Prohibited,Prohibited,Prohibited,Prohibited,Prohibited,,,2022-01-22,Yes,Yes,,,31
Westmorland,Westmorland,33.0389220,-115.6223136,684606,Imperial,Imperial County,City,Prohibited,Prohibited,Prohibited,Prohibited,Prohibited,Prohibited,,,2022-01-22,Yes,Yes,,,2
Gonzales,Gonzales,36.5059790,-121.4429180,630392,Monterey,Monterey County,City,Prohibited,Prohibited,Prohibited,Limited-Medical Only,Limited-Medical Only,Prohibited,,"Distribution, Testing, Micro: Silent",2022-01-22,No,Yes,,,8
Del Mar,Del Mar,32.9628522,-117.2624379,618506,San Diego,San Diego County,City,Prohibited,Prohibited,Prohibited,Prohibited,Prohibited,Prohibited,,,2022-01-22,Yes,Yes,,,4
Industry,Industry,34.0262321,-117.9403266,636490,Los Angeles,Los Angeles County,City,Prohibited,Prohibited,Prohibited,Prohibited,Prohibited,Prohibited,,,2022-01-22,Yes,Yes,,,437
San Joaquin,San Joaquin,36.6055688,-120.1899215,667126,Fresno,Fresno County,City,Prohibited,Prohibited,Prohibited,Prohibited,Prohibited,Prohibited,,,2022-01-22,Yes,Yes,,,4
Fillmore,Fillmore,34.3984228,-118.9160960,624092,Ventura,Ventura County,City,Prohibited,Prohibited,Prohibited,Prohibited,Prohibited,Prohibited,,,2022-01-22,Yes,Yes,,,15
Murrieta,Murrieta,33.5721337,-117.1904442,650076,Riverside,Riverside County,City,Prohibited,Prohibited,Prohibited,Prohibited,Prohibited,Allowed,,,2022-01-22,No,Yes,,,113
Kerman,Kerman,36.7248573,-120.0624290,638226,Fresno,Fresno County,City,Prohibited,Prohibited,Prohibited,Prohibited,Prohibited,Prohibited,,,2022-01-22,Yes,Yes,,,15
Unincorporated Lake County,,,,,Lake,Lake County,County,Prohibited,Prohibited,Allowed,Allowed,Allowed,Allowed,,,2021-12-13,No,Yes,No,65,
Pismo Beach,Pismo Beach,35.1531410,-120.6745631,657414,San Luis Obispo,San Luis Obispo County,City,Prohibited,Prohibited,Prohibited,Prohibited,Prohibited,Prohibited,,,2022-01-22,Yes,Yes,,,8
Irwindale,Irwindale,34.1119138,-117.9635233,636826,Los Angeles,Los Angeles County,City,Prohibited,Prohibited,Prohibited,Prohibited,Prohibited,Prohibited,,,2022-01-22,Yes,Yes,,,1
Cupertino,Cupertino,37.3193981,-122.0449562,617610,Santa Clara,Santa Clara County,City,Prohibited,Prohibited,Prohibited,Prohibited,Prohibited,Prohibited,,Allows medical delivery from outside jurisdiction,2022-01-22,Yes,Yes,,,60
Maricopa,Maricopa,35.0581843,-119.3994953,645736,Kern,Kern County,City,Prohibited,Prohibited,Prohibited,Prohibited,Prohibited,Prohibited,,,2022-01-22,Yes,Yes,,,1
Redlands,Redlands,34.0516420,-117.1708618,659962,San Bernardino,San Bernardino County,City,Prohibited,Prohibited,Prohibited,Prohibited,Prohibited,Prohibited,,,2022-01-22,Yes,Yes,,,71
Exeter,Exeter,36.2940056,-119.1459278,623126,Tulare,Tulare County,City,Prohibited,Prohibited,Prohibited,Prohibited,Prohibited,Prohibited,,,2022-01-22,Yes,Yes,,,11
San Pablo,San Pablo,37.9628505,-122.3425736,668294,Contra Costa,Contra Costa County,City,Prohibited,Prohibited,Prohibited,Prohibited,Prohibited,Prohibited,,,2022-01-22,Yes,Yes,,,31
Monterey Park,Monterey Park,34.0483305,-118.1331830,648914,Los Angeles,Los Angeles County,City,Prohibited,Prohibited,Prohibited,Prohibited,Prohibited,Prohibited,,,2022-01-22,Yes,Yes,,,62
McFarland,McFarland,35.6705643,-119.2327288,644826,Kern,Kern County,City,Prohibited,Prohibited,Prohibited,Prohibited,Prohibited,Prohibited,,,2022-01-22,Yes,Yes,,,15
Seal Beach,Seal Beach,33.7519180,-118.0732505,670686,Orange,Orange County,City,Prohibited,Prohibited,Prohibited,Prohibited,Prohibited,Prohibited,,,2022-01-22,Yes,Yes,,,25
Monterey,Monterey,36.6012904,-121.8825566,648872,Monterey,Monterey County,City,Prohibited,Prohibited,Prohibited,Prohibited,Prohibited,Allowed,,,2022-01-22,No,Yes,,,28
Azusa,Azusa,34.1385241,-117.9122530,603386,Los Angeles,Los Angeles County,City,Prohibited,Prohibited,Prohibited,Prohibited,Prohibited,Prohibited,,,2022-01-22,Yes,Yes,,,49
Chino,Chino,33.9780368,-117.6577189,613210,San Bernardino,San Bernardino County,City,Prohibited,Prohibited,Prohibited,Prohibited,Prohibited,Prohibited,,,2022-01-22,Yes,Yes,,,86
San Fernando,San Fernando,34.2886519,-118.4362413,666140,Los Angeles,Los Angeles County,City,Prohibited,Prohibited,Prohibited,Prohibited,Prohibited,Prohibited,,Allows medical delivery from outside jurisdiction,2022-01-22,Yes,Yes,,,24
Unincorporated Los Angeles County,,,,,Los Angeles,Los Angeles County,County,Prohibited,Prohibited,Prohibited,Prohibited,Prohibited,Prohibited,,,2022-01-22,Yes,Yes,Yes,10,
Burbank,Burbank,34.1900793,-118.3264045,608954,Los Angeles,Los Angeles County,City,Prohibited,Prohibited,Prohibited,Prohibited,Prohibited,Prohibited,,,2022-01-22,Yes,Yes,,,107
Orange Cove,Orange Cove,36.6211449,-119.3187499,654008,Fresno,Fresno County,City,Prohibited,Prohibited,Prohibited,Prohibited,Prohibited,Prohibited,,,2022-01-22,Yes,Yes,,,9
Calipatria,Calipatria,33.1688054,-115.4857095,609878,Imperial,Imperial County,City,Prohibited,Prohibited,Prohibited,Prohibited,Prohibited,Prohibited,,,2022-01-22,Yes,Yes,,,7
Carlsbad,Carlsbad,33.1239089,-117.2828350,611194,San Diego,San Diego County,City,Prohibited,Prohibited,Prohibited,Prohibited,Prohibited,Prohibited,,,2022-01-22,Yes,Yes,,,114
San Mateo,San Mateo,37.5603104,-122.3106003,668252,San Mateo,San Mateo County,City,Prohibited,Prohibited,Prohibited,Prohibited,Prohibited,Prohibited,,Testing: Silent,2022-01-22,Yes,Yes,,,104
Unincorporated Yuba County,,,,,Yuba,Yuba County,County,Prohibited,Prohibited,Prohibited,Prohibited,Prohibited,Prohibited,,,2022-01-22,Yes,Yes,Yes,74,
Hillsborough,Hillsborough,37.5572415,-122.3586951,633798,San Mateo,San Mateo County,City,Prohibited,Prohibited,Prohibited,Prohibited,Prohibited,Prohibited,,Allows delivery from outside jurisdiction,2022-01-22,Yes,Yes,,,11
Bell Gardens,Bell Gardens,33.9643785,-118.1544369,604996,Los Angeles,Los Angeles County,City,Prohibited,Prohibited,Prohibited,Prohibited,Prohibited,Prohibited,,,2022-01-22,Yes,Yes,,,43
Dinuba,Dinuba,36.5453531,-119.3988747,619318,Tulare,Tulare County,City,Prohibited,Prohibited,Prohibited,Prohibited,Prohibited,Prohibited,,,2022-01-22,Yes,Yes,,,24
Garden Grove,Garden Grove,33.7787816,-117.9604719,629000,Orange,Orange County,City,Prohibited,Prohibited,Prohibited,Prohibited,Prohibited,Prohibited,,"Distribution, Manufacturing, Testing, Micro: Silent",2022-01-22,Yes,Yes,,,176
West Sacramento,West Sacramento,38.5543684,-121.5486634,684816,Yolo,Yolo County,City,Prohibited,Prohibited,Allowed,Allowed,Limited,Allowed,Cultivation: Indoor only,Allows delivery from outside jurisdiction,2022-01-22,No,Yes,,,54
Twentynine Palms,Twentynine Palms,34.1483128,-116.0655262,680994,San Bernardino,San Bernardino County,City,Prohibited,Prohibited,Prohibited,Prohibited,Prohibited,Prohibited,,,2022-01-22,Yes,Yes,,,27
Parlier,Parlier,36.6081599,-119.5438057,655856,Fresno,Fresno County,City,Prohibited,Prohibited,Allowed,Allowed,Allowed,Allowed,,Micro: Silent,2022-01-22,No,Yes,,,15
Alturas,Alturas,41.4891359,-120.5512862,601444,Modoc,Modoc County,City,Prohibited,Prohibited,Prohibited,Prohibited,Prohibited,Prohibited,,"Distribution, Testing, Micro: Silent",2022-01-22,Yes,Yes,,,2
Manhattan Beach,Manhattan Beach,33.8896319,-118.3973699,645400,Los Angeles,Los Angeles County,City,Prohibited,Prohibited,Prohibited,Prohibited,Prohibited,Prohibited,,,2022-01-22,Yes,Yes,,,35
Claremont,Claremont,34.1249246,-117.7139226,613756,Los Angeles,Los Angeles County,City,Prohibited,Prohibited,Prohibited,Prohibited,Prohibited,Prohibited,,,2022-01-22,Yes,Yes,,,36
Cypress,Cypress,33.8184768,-118.0383074,617750,Orange,Orange County,City,Prohibited,Prohibited,Prohibited,Prohibited,Prohibited,Prohibited,,Allows medical delivery from outside jurisdiction,2022-01-22,Yes,Yes,,,49
Ripon,Ripon,37.7422644,-121.1321587,661026,San Joaquin,San Joaquin County,City,Prohibited,Prohibited,Prohibited,Prohibited,Prohibited,Prohibited,,,2022-01-22,Yes,Yes,,,15
La Habra Heights,La Habra Heights,33.9589591,-117.9489729,639304,Los Angeles,Los Angeles County,City,Prohibited,Prohibited,Prohibited,Prohibited,Prohibited,Prohibited,,,2022-01-22,Yes,Yes,,,5
Clovis,Clovis,36.8281886,-119.6849012,614218,Fresno,Fresno County,City,Prohibited,Prohibited,Prohibited,Prohibited,Prohibited,Allowed,,,2022-01-22,No,Yes,,,113
Rancho Mirage,Rancho Mirage,33.7603520,-116.4287947,659500,Riverside,Riverside County,City,Prohibited,Prohibited,Prohibited,Prohibited,Prohibited,Prohibited,,Allows delivery from outside jurisdiction,2022-01-22,Yes,Yes,,,18
Big Bear Lake,Big Bear Lake,34.2429577,-116.8958909,606434,San Bernardino,San Bernardino County,City,Prohibited,Prohibited,Prohibited,Prohibited,Prohibited,Prohibited,,,2022-01-22,Yes,Yes,,,5
Indio,Indio,33.7316388,-116.2359705,636448,Riverside,Riverside County,City,Prohibited,Prohibited,Prohibited,Prohibited,Prohibited,Prohibited,,,2022-01-22,Yes,Yes,,,87
Wasco,Wasco,35.5937751,-119.3673064,683542,Kern,Kern County,City,Prohibited,Prohibited,Prohibited,Prohibited,Prohibited,Prohibited,,,2022-01-22,Yes,Yes,,,27
Unincorporated Fresno County,,,,,Fresno,Fresno County,County,Prohibited,Prohibited,Prohibited,Prohibited,Prohibited,Prohibited,,,2022-01-22,Yes,Yes,Yes,1,
El Segundo,El Segundo,33.9171449,-118.4015540,622412,Los Angeles,Los Angeles County,City,Prohibited,Prohibited,Prohibited,Prohibited,Prohibited,Prohibited,,,2022-01-22,Yes,Yes,,,16
Bakersfield,Bakersfield,35.3212129,-119.0182915,603526,Kern,Kern County,City,Prohibited,Prohibited,Prohibited,Prohibited,Prohibited,Prohibited,,,2022-01-22,Yes,Yes,,,386
Livingston,Livingston,37.3872812,-120.7249430,642006,Merced,Merced County,City,Prohibited,Prohibited,Prohibited,Allowed,Limited,Allowed,"Cultivation: Indoor only
Microbusiness: No retail","Allows delivery from outside jurisdiction
Distribution: Silent",2022-01-22,No,Yes,,,14
Victorville,Victorville,34.5277346,-117.3535789,682590,San Bernardino,San Bernardino County,City,Prohibited,Prohibited,Prohibited,Prohibited,Prohibited,Prohibited,,Allows medical delivery from outside jurisdiction,2022-01-22,Yes,Yes,,,123
Milpitas,Milpitas,37.4339208,-121.8919831,647766,Santa Clara,Santa Clara County,City,Prohibited,Prohibited,Prohibited,Prohibited,Prohibited,Prohibited,,,2022-01-22,Yes,Yes,,,74
San Dimas,San Dimas,34.1079574,-117.8085286,666070,Los Angeles,Los Angeles County,City,Prohibited,Prohibited,Prohibited,Prohibited,Prohibited,Prohibited,,,2022-01-22,Yes,Yes,,,34
Bell,Bell,33.9797042,-118.1792494,604870,Los Angeles,Los Angeles County,City,Prohibited,Prohibited,Limited-Medical Only,Limited-Medical Only,Limited-Medical Only,Limited-Medical Only,Cultivation: Indoor only,Allows medical delivery  from outside the jurisdiction,2022-01-22,No,Yes,,,36
Dos Palos,Dos Palos,36.9854237,-120.6338446,619612,Merced,Merced County,City,Prohibited,Prohibited,Prohibited,Prohibited,Prohibited,Prohibited,,,2022-01-22,Yes,Yes,,,5
Moorpark,Moorpark,34.2859430,-118.8762626,649138,Ventura,Ventura County,City,Prohibited,Prohibited,Prohibited,Prohibited,Prohibited,Prohibited,,,2022-01-22,Yes,Yes,,,37
Woodland,Woodland,38.6711687,-121.7500290,686328,Yolo,Yolo County,City,Prohibited,Prohibited,Allowed,Allowed,Prohibited,Allowed,,"Allows delivery from outside jurisdiction, but must have a city permit",2022-01-22,No,Yes,,,60
Hawaiian Gardens,Hawaiian Gardens,33.8304821,-118.0734509,632506,Los Angeles,Los Angeles County,City,Prohibited,Prohibited,Prohibited,Prohibited,Prohibited,Prohibited,,,2022-01-22,Yes,Yes,,,14
Brea,Brea,33.9317280,-117.8549423,608100,Orange,Orange County,City,Prohibited,Prohibited,Prohibited,Prohibited,Prohibited,Prohibited,,,2022-01-22,Yes,Yes,,,44
La Cañada Flintridge,La Cañada Flintridge,34.2109111,-118.2001349,639003,Los Angeles,Los Angeles County,City,Prohibited,Prohibited,Prohibited,Prohibited,Prohibited,Prohibited,,,2022-01-22,Yes,Yes,,,20
Unincorporated Siskiyou County,,,,,Siskiyou,Siskiyou County,County,Prohibited,Prohibited,Prohibited,Prohibited,Prohibited,Prohibited,,,2022-01-22,Yes,Yes,Yes,44,
Los Alamitos,Los Alamitos,33.7968831,-118.0610390,643224,Orange,Orange County,City,Prohibited,Prohibited,Prohibited,Prohibited,Prohibited,Prohibited,,,2022-01-22,Yes,Yes,,,11
Newport Beach,Newport Beach,33.5971325,-117.8902630,651182,Orange,Orange County,City,Prohibited,Prohibited,Prohibited,Prohibited,Prohibited,Prohibited,,,2022-01-22,Yes,Yes,,,87
Lincoln,Lincoln,38.8754761,-121.2923839,641474,Placer,Placer County,City,Prohibited,Prohibited,Prohibited,Prohibited,Prohibited,Prohibited,,,2022-01-22,Yes,Yes,,,48
Ione,Ione,38.3600299,-120.9443428,636672,Amador,Amador County,City,Prohibited,Prohibited,Prohibited,Prohibited,Prohibited,Prohibited,,,2022-01-22,Yes,Yes,,,8
Fremont,Fremont,37.4944613,-121.9411499,626000,Alameda,Alameda County,City,Prohibited,Prohibited,Prohibited,Prohibited,Prohibited,Prohibited,,,2022-01-22,Yes,Yes,,,235
Clayton,Clayton,37.9403195,-121.9300757,613882,Contra Costa,Contra Costa County,City,Prohibited,Prohibited,Prohibited,Prohibited,Prohibited,Prohibited,,Allows delivery from outside jurisdiction,2022-01-22,Yes,Yes,,,11
Aliso Viejo,Aliso Viejo,33.5792186,-117.7289150,600947,Orange,Orange County,City,Prohibited,Prohibited,Prohibited,Prohibited,Prohibited,Prohibited,,,2022-01-22,Yes,Yes,,,51
Montague,Montague,41.7270878,-122.5305115,648690,Siskiyou,Siskiyou County,City,Prohibited,Prohibited,Prohibited,Prohibited,Prohibited,Prohibited,,,2022-01-22,Yes,Yes,,,1
Eastvale,Eastvale,33.9632615,-117.5805473,621230,Riverside,Riverside County,City,Prohibited,Prohibited,Prohibited,Prohibited,Prohibited,Prohibited,,,2022-01-22,Yes,Yes,,,64
San Marcos,San Marcos,33.1338931,-117.1693670,668196,San Diego,San Diego County,City,Prohibited,Prohibited,Prohibited,Prohibited,Prohibited,Prohibited,,,2022-01-22,Yes,Yes,,,95
San Juan Capistrano,San Juan Capistrano,33.5005811,-117.6544330,668028,Orange,Orange County,City,Prohibited,Prohibited,Prohibited,Prohibited,Prohibited,Prohibited,,,2022-01-22,Yes,Yes,,,36
Diamond Bar,Diamond Bar,34.0015725,-117.8176013,619192,Los Angeles,Los Angeles County,City,Prohibited,Prohibited,Prohibited,Prohibited,Prohibited,Prohibited,,,2022-01-22,Yes,Yes,,,57
Camarillo,Camarillo,34.2218233,-119.0321535,610046,Ventura,Ventura County,City,Prohibited,Prohibited,Prohibited,Prohibited,Prohibited,Prohibited,,,2022-01-22,Yes,Yes,,,68
Cerritos,Cerritos,33.8677431,-118.0694719,612552,Los Angeles,Los Angeles County,City,Prohibited,Prohibited,Prohibited,Prohibited,Prohibited,Prohibited,,,2022-01-22,Yes,Yes,,,50
Belvedere,Belvedere,37.8743657,-122.4716178,605164,Marin,Marin County,City,Prohibited,Prohibited,Prohibited,Prohibited,Prohibited,Prohibited,,Allows delivery from outside of the jurisdiction,2022-01-22,Yes,Yes,,,2
Portola,Portola,39.8207990,-120.4742930,658352,Plumas,Plumas County,City,Prohibited,Prohibited,Prohibited,Prohibited,Prohibited,Prohibited,,Allows delivery from outside jurisdiction,2022-01-22,Yes,Yes,,,2
Pacific Grove,Pacific Grove,36.6225766,-121.9264300,654848,Monterey,Monterey County,City,Prohibited,Prohibited,Prohibited,Prohibited,Prohibited,Prohibited,,Retail (Storefront): City passed ordinance to allow but approval is pending a referendum,2022-01-22,Yes,Yes,,,15
Gridley,Gridley,39.3621693,-121.6970846,631260,Butte,Butte County,City,Prohibited,Prohibited,Prohibited,Prohibited,Prohibited,Prohibited,,,2022-01-22,Yes,Yes,,,6
Livermore,Livermore,37.6854667,-121.7625177,641992,Alameda,Alameda County,City,Prohibited,Prohibited,Prohibited,Prohibited,Prohibited,Prohibited,,Allows delivery from outside jurisdiction,2022-01-22,Yes,Yes,,,91
Unincorporated Orange County,,,,,Orange,Orange County,County,Prohibited,Prohibited,Prohibited,Prohibited,Prohibited,Prohibited,,,2022-01-22,Yes,Yes,Yes,3,
Irvine,Irvine,33.6783986,-117.7712541,636770,Orange,Orange County,City,Prohibited,Prohibited,Prohibited,Prohibited,Prohibited,Allowed,,,2022-01-22,No,Yes,,,276
Walnut,Walnut,34.0371955,-117.8556059,683332,Los Angeles,Los Angeles County,City,Prohibited,Prohibited,Prohibited,Prohibited,Prohibited,Prohibited,,,2022-01-22,Yes,Yes,,,30
Hidden Hills,Hidden Hills,34.1637439,-118.6612038,633518,Los Angeles,Los Angeles County,City,Prohibited,Prohibited,Prohibited,Prohibited,Prohibited,Prohibited,,,2022-01-22,Yes,Yes,,,1
Redondo Beach,Redondo Beach,33.8568174,-118.3771371,660018,Los Angeles,Los Angeles County,City,Prohibited,Prohibited,Prohibited,Prohibited,Prohibited,Prohibited,,,2022-01-22,Yes,Yes,,,68
Unincorporated Mariposa County,,,,,Mariposa,Mariposa County,County,Prohibited,Prohibited,Prohibited,Prohibited,Prohibited,Prohibited,,,2022-01-22,Yes,Yes,Yes,18,
Santa Fe Springs,Santa Fe Springs,33.9335648,-118.0626113,669154,Los Angeles,Los Angeles County,City,Prohibited,Prohibited,Prohibited,Prohibited,Prohibited,Prohibited,,,2022-01-22,Yes,Yes,,,18
Corning,Corning,39.9281988,-122.1819931,616322,Tehama,Tehama County,City,Prohibited,Prohibited,Prohibited,Prohibited,Prohibited,Prohibited,,,2022-01-22,Yes,Yes,,,7
Newark,Newark,37.5045144,-122.0329158,650916,Alameda,Alameda County,City,Prohibited,Prohibited,Prohibited,Prohibited,Prohibited,Prohibited,,,2022-01-22,Yes,Yes,,,47
Rolling Hills Estates,Rolling Hills Estates,33.7809592,-118.3253120,662644,Los Angeles,Los Angeles County,City,Prohibited,Prohibited,Prohibited,Prohibited,Prohibited,Prohibited,,,2022-01-22,Yes,Yes,,,8
Visalia,Visalia,36.3272719,-119.3288620,682954,Tulare,Tulare County,City,Prohibited,Prohibited,Prohibited,Prohibited,Prohibited,Prohibited,,,2022-01-22,Yes,Yes,,,136
Unincorporated Kern County,,,,,Kern,Kern County,County,Prohibited,Prohibited,Prohibited,Prohibited,Prohibited,Prohibited,,,2022-01-22,Yes,Yes,Yes,905,
Shafter,Shafter,35.4780002,-119.1991905,671106,Kern,Kern County,City,Prohibited,Prohibited,Prohibited,Prohibited,Prohibited,Prohibited,,,2022-01-22,Yes,Yes,,,19
Colton,Colton,34.0545252,-117.3250286,614890,San Bernardino,San Bernardino County,City,Prohibited,Prohibited,Prohibited,Allowed,Limited,Allowed,Cultivation: Indoor only,Allows delivery from outside jurisdiction,2022-01-22,No,Yes,,,53
Rancho Cordova,Rancho Cordova,38.5761812,-121.2466921,659444,Sacramento,Sacramento County,City,Prohibited,Prohibited,Prohibited,Prohibited,Prohibited,Prohibited,,,2022-01-22,Yes,Yes,,,74
Oakley,Oakley,37.9939359,-121.6911388,653070,Contra Costa,Contra Costa County,City,Prohibited,Prohibited,Prohibited,Prohibited,Prohibited,Prohibited,,"Distribution, Manufacturing, Testing, Micro: Silent",2022-01-22,Yes,Yes,,,41
Mission Viejo,Mission Viejo,33.6093352,-117.6564710,648256,Orange,Orange County,City,Prohibited,Prohibited,Prohibited,Prohibited,Prohibited,Prohibited,,,2022-01-22,Yes,Yes,,,95
Unincorporated Tehama County,,,,,Tehama,Tehama County,County,Prohibited,Prohibited,Prohibited,Prohibited,Prohibited,Prohibited,,"Manufacturing, Testing, Micro: Silent",2022-01-22,Yes,Yes,Yes,64,
Pico Rivera,Pico Rivera,33.9895242,-118.0892994,656924,Los Angeles,Los Angeles County,City,Prohibited,Prohibited,Prohibited,Prohibited,Prohibited,Prohibited,,,2022-01-22,Yes,Yes,,,64
Arcadia,Arcadia,34.1326887,-118.0363467,602462,Los Angeles,Los Angeles County,City,Prohibited,Prohibited,Prohibited,Prohibited,Prohibited,Prohibited,,,2022-01-22,Yes,Yes,,,57
Lawndale,Lawndale,33.8884221,-118.3531377,640886,Los Angeles,Los Angeles County,City,Prohibited,Prohibited,Prohibited,Prohibited,Prohibited,Prohibited,,,2022-01-22,Yes,Yes,,,33
Colusa,Colusa,39.2048901,-122.0095754,614946,Colusa,Colusa County,City,Prohibited,Prohibited,Prohibited,Allowed,Prohibited,Prohibited,,,2022-01-22,No,Yes,,,6
Laguna Niguel,Laguna Niguel,33.5288675,-117.7011753,639248,Orange,Orange County,City,Prohibited,Prohibited,Prohibited,Prohibited,Prohibited,Prohibited,,,2022-01-22,Yes,Yes,,,65
Unincorporated Glenn County,,,,,Glenn,Glenn County,County,Prohibited,Prohibited,Prohibited,Prohibited,Prohibited,Prohibited,,,2022-01-22,Yes,Yes,Yes,28,
Dana Point,Dana Point,33.4632594,-117.7130166,617946,Orange,Orange County,City,Prohibited,Prohibited,Prohibited,Prohibited,Prohibited,Prohibited,,,2022-01-22,Yes,Yes,,,34
Lafayette,Lafayette,37.8910040,-122.1195292,639122,Contra Costa,Contra Costa County,City,Prohibited,Prohibited,Prohibited,Prohibited,Prohibited,Prohibited,,Allows delivery from outside jurisdiction,2022-01-22,Yes,Yes,,,25
Palo Alto,Palo Alto,37.3997819,-122.1427757,655282,Santa Clara,Santa Clara County,City,Prohibited,Prohibited,Prohibited,Prohibited,Prohibited,Prohibited,,,2022-01-22,Yes,Yes,,,69
Carson,Carson,33.8403670,-118.2495736,611530,Los Angeles,Los Angeles County,City,Prohibited,Prohibited,Allowed,Allowed,Limited,Allowed,Cultivation: Indoor only,,2022-01-22,No,Yes,,,93
Anaheim,Anaheim,33.8554971,-117.7600707,602000,Orange,Orange County,City,Prohibited,Prohibited,Prohibited,Prohibited,Prohibited,Prohibited,,,2022-01-22,Yes,Yes,,,357
Sutter Creek,Sutter Creek,38.3928570,-120.7980620,677392,Amador,Amador County,City,Prohibited,Prohibited,Prohibited,Prohibited,Prohibited,Prohibited,,,2022-01-22,Yes,Yes,,,2
Upland,Upland,34.1160731,-117.6599224,681344,San Bernardino,San Bernardino County,City,Prohibited,Prohibited,Prohibited,Prohibited,Prohibited,Prohibited,,,2022-01-22,Yes,Yes,,,77
South El Monte,South El Monte,34.0503775,-118.0483840,672996,Los Angeles,Los Angeles County,City,Prohibited,Prohibited,Prohibited,Prohibited,Prohibited,Prohibited,,,2022-01-22,Yes,Yes,,,20
Auburn,Auburn,38.8950746,-121.0767393,603204,Placer,Placer County,City,Prohibited,Prohibited,Prohibited,Prohibited,Prohibited,Prohibited,,,2022-01-22,Yes,Yes,,,14
Yuba City,Yuba City,39.1385876,-121.6396607,686972,Sutter,Sutter County,City,Prohibited,Prohibited,Prohibited,Prohibited,Prohibited,Prohibited,,,2022-01-22,Yes,Yes,,,67
Bradbury,Bradbury,34.1531592,-117.9688184,607946,Los Angeles,Los Angeles County,City,Prohibited,Prohibited,Prohibited,Prohibited,Prohibited,Prohibited,,,2022-01-22,Yes,Yes,,,1
Piedmont,Piedmont,37.8225436,-122.2300249,656938,Alameda,Alameda County,City,Prohibited,Prohibited,Prohibited,Prohibited,Prohibited,Prohibited,,,2022-01-22,Yes,Yes,,,11
Orange,Orange,33.7869711,-117.8612654,653980,Orange,Orange County,City,Prohibited,Prohibited,Prohibited,Prohibited,Prohibited,Prohibited,,,2022-01-22,Yes,Yes,,,141
Fountain Valley,Fountain Valley,33.7105823,-117.9511290,625380,Orange,Orange County,City,Prohibited,Prohibited,Prohibited,Prohibited,Prohibited,Prohibited,,,2022-01-22,Yes,Yes,,,56
Unincorporated San Mateo County,,,,,San Mateo,San Mateo County,County,Prohibited,Prohibited,Prohibited,Prohibited,Limited,Prohibited,Cultivation: Mixed-light only,Allows delivery from outside jurisdiction,2022-01-22,No,Yes,No,774,
Temecula,Temecula,33.4930818,-117.1317297,678120,Riverside,Riverside County,City,Prohibited,Prohibited,Prohibited,Prohibited,Prohibited,Prohibited,,,2022-01-22,Yes,Yes,,,113
Unincorporated Tuolumne County,,,,,Tuolumne,Tuolumne County,County,Prohibited,Prohibited,Prohibited,Prohibited,Prohibited,Prohibited,,,2022-01-22,Yes,Yes,Yes,54,
Angels Camp,Angels,38.0710375,-120.5517286,602112,Calaveras,Calaveras County,City,Prohibited,Prohibited,Prohibited,Prohibited,Prohibited,Prohibited,,Allows delivery from outside of the jurisdiction,2022-01-22,Yes,Yes,,,4
Half Moon Bay,Half Moon Bay,37.4673142,-122.4404742,631708,San Mateo,San Mateo County,City,Prohibited,Prohibited,Prohibited,Prohibited,Limited,Prohibited,Cultivation: Nursery Only,,2022-01-22,No,Yes,,,12
Placentia,Placentia,33.8811581,-117.8547827,657526,Orange,Orange County,City,Prohibited,Prohibited,Prohibited,Prohibited,Prohibited,Prohibited,,,2022-01-22,Yes,Yes,,,52
Unincorporated Placer County,,,,,Placer,Placer County,County,Prohibited,Prohibited,Prohibited,Prohibited,Prohibited,Prohibited,,,2022-01-22,Yes,Yes,Yes,389,
Los Gatos,Los Gatos,37.2329763,-121.9510656,644112,Santa Clara,Santa Clara County,City,Prohibited,Prohibited,Prohibited,Prohibited,Prohibited,Prohibited,,Allows delivery from outside jurisdiction,2022-01-22,Yes,Yes,,,30
Rohnert Park,Rohnert Park,38.3482133,-122.6988818,662546,Sonoma,Sonoma County,City,Prohibited,Prohibited,Prohibited,Prohibited,Prohibited,Prohibited,,,2022-01-22,Yes,Yes,,,43
St. Helena,St. Helena,38.5040450,-122.4677325,664140,Napa,Napa County,City,Prohibited,Prohibited,Prohibited,Prohibited,Prohibited,Prohibited,,,2022-01-22,Yes,Yes,,,6
Citrus Heights,Citrus Heights,38.6947765,-121.2879952,613588,Sacramento,Sacramento County,City,Prohibited,Prohibited,Prohibited,Prohibited,Prohibited,Prohibited,,Allows delivery from outside jurisdiction,2022-01-22,Yes,Yes,,,87
Gilroy,Gilroy,37.0064066,-121.5853213,629504,Santa Clara,Santa Clara County,City,Prohibited,Prohibited,Prohibited,Prohibited,Prohibited,Prohibited,,,2022-01-22,Yes,Yes,,,55
Fowler,Fowler,36.6245476,-119.6738678,625436,Fresno,Fresno County,City,Prohibited,Prohibited,Prohibited,Prohibited,Prohibited,Prohibited,,,2022-01-22,Yes,Yes,,,6
Taft,Taft,35.1266850,-119.4241719,677574,Kern,Kern County,City,Prohibited,Prohibited,Prohibited,Prohibited,Prohibited,Prohibited,,,2022-01-22,Yes,Yes,,,9
Escalon,Escalon,37.7913346,-120.9996440,622790,San Joaquin,San Joaquin County,City,Prohibited,Prohibited,Prohibited,Prohibited,Prohibited,Prohibited,,"Distribution, Manufacturing, Cultivation, Testing, Micro: Silent",2022-01-22,Yes,Yes,,,7
Escondido,Escondido,33.1330533,-117.0740430,622804,San Diego,San Diego County,City,Prohibited,Prohibited,Prohibited,Prohibited,Prohibited,Prohibited,,,2022-01-22,Yes,Yes,,,151
Portola Valley,Portola Valley,37.3650457,-122.2326785,658380,San Mateo,San Mateo County,City,Prohibited,Prohibited,Prohibited,Prohibited,Limited,Prohibited,Cultivation: Limit of 12 plants,,2022-01-22,No,Yes,,,4
Calimesa,Calimesa,33.9873437,-117.0542110,609864,Riverside,Riverside County,City,Prohibited,Prohibited,Prohibited,Prohibited,Prohibited,Prohibited,,Allows medical delivery from outside jurisdiction,2022-01-22,Yes,Yes,,,8
Holtville,Holtville,32.8137812,-115.3783188,634246,Imperial,Imperial County,City,Prohibited,Prohibited,Prohibited,Prohibited,Prohibited,Prohibited,,"Retail (storefront): Silent on adult use, medicinal banned
Retail (Non-storefront), Distribution, Manufacturing, Cultivation, Testing, Micro: Silent
Distribution: Silent
Manufacturing: Silent",2022-01-22,Yes,Yes,,,6
Brentwood,Brentwood,37.9359047,-121.7185472,608142,Contra Costa,Contra Costa County,City,Prohibited,Prohibited,Prohibited,Prohibited,Prohibited,Prohibited,,,2022-01-22,Yes,Yes,,,63
Moraga,Moraga,37.8456927,-122.1232170,649187,Contra Costa,Contra Costa County,City,Prohibited,Prohibited,Prohibited,Prohibited,Prohibited,Prohibited,,,2022-01-22,Yes,Yes,,,16
Manteca,Manteca,37.7904975,-121.2306255,645484,San Joaquin,San Joaquin County,City,Prohibited,Prohibited,Prohibited,Prohibited,Prohibited,Prohibited,,,2022-01-22,Yes,Yes,,,81
Villa Park,Villa Park,33.8180671,-117.8102948,682744,Orange,Orange County,City,Prohibited,Prohibited,Prohibited,Prohibited,Prohibited,Prohibited,,,2022-01-22,Yes,Yes,,,5
San Marino,San Marino,34.1226714,-118.1129107,668224,Los Angeles,Los Angeles County,City,Prohibited,Prohibited,Prohibited,Prohibited,Prohibited,Prohibited,,,2022-01-22,Yes,Yes,,,13
Palmdale,Palmdale,34.5910383,-118.1054031,655156,Los Angeles,Los Angeles County,City,Prohibited,Prohibited,Prohibited,Prohibited,Prohibited,Prohibited,,,2022-01-22,Yes,Yes,,,158
Etna,Etna,41.4581989,-122.8958191,622972,Siskiyou,Siskiyou County,City,Prohibited,Prohibited,Prohibited,Prohibited,Prohibited,Prohibited,,,2022-01-22,Yes,Yes,,,744
Ferndale,Ferndale,40.5798914,-124.2619086,623910,Humboldt,Humboldt County,City,Prohibited,Prohibited,Prohibited,Prohibited,Prohibited,Prohibited,,,2022-01-22,Yes,Yes,,,1
Unincorporated Merced County,,,,,Merced,Merced County,County,Prohibited,Prohibited,Prohibited,Prohibited,Prohibited,Prohibited,,Allows medical delivery from outside jurisdiction,2022-01-22,Yes,Yes,Yes,279,
Rancho Palos Verdes,Rancho Palos Verdes,33.7531531,-118.3679637,659514,Los Angeles,Los Angeles County,City,Prohibited,Prohibited,Prohibited,Prohibited,Prohibited,Prohibited,,,2022-01-22,Yes,Yes,,,42
Grand Terrace,Grand Terrace,34.0311716,-117.3132429,630658,San Bernardino,San Bernardino County,City,Prohibited,Prohibited,Prohibited,Prohibited,Prohibited,Prohibited,,,2022-01-22,Yes,Yes,,,12
Downey,Downey,33.9382375,-118.1308561,619766,Los Angeles,Los Angeles County,City,Prohibited,Prohibited,Prohibited,Prohibited,Prohibited,Prohibited,,,2022-01-22,Yes,Yes,,,114
Buena Park,Buena Park,33.8573527,-118.0073733,608786,Orange,Orange County,City,Prohibited,Prohibited,Prohibited,Prohibited,Prohibited,Prohibited,,,2022-01-22,Yes,Yes,,,83
Montclair,Montclair,34.0714521,-117.6980540,648788,San Bernardino,San Bernardino County,City,Prohibited,Prohibited,Prohibited,Prohibited,Prohibited,Prohibited,,,2022-01-22,Yes,Yes,,,39
West Covina,West Covina,34.0559412,-117.9099372,684200,Los Angeles,Los Angeles County,City,Prohibited,Prohibited,Prohibited,Prohibited,Prohibited,Prohibited,,,2022-01-22,Yes,Yes,,,108
Covina,Covina,34.0904746,-117.8821434,616742,Los Angeles,Los Angeles County,City,Prohibited,Prohibited,Prohibited,Prohibited,Prohibited,Prohibited,,,2022-01-22,Yes,Yes,,,49
Calabasas,Calabasas,34.1340150,-118.6691280,609598,Los Angeles,Los Angeles County,City,Prohibited,Prohibited,Prohibited,Prohibited,Prohibited,Prohibited,,,2022-01-22,Yes,Yes,,,24
Agoura Hills,Agoura Hills,34.1489422,-118.7639301,600394,Los Angeles,Los Angeles County,City,Prohibited,Prohibited,Prohibited,Prohibited,Prohibited,Prohibited,,,2022-01-22,Yes,Yes,,,20
Chowchilla,Chowchilla,37.1095034,-120.2349397,613294,Madera,Madera County,City,Prohibited,Prohibited,Prohibited,Prohibited,Prohibited,Prohibited,,,2022-01-22,Yes,Yes,,,18
Unincorporated Modoc County,,,,,Modoc,Modoc County,County,Prohibited,Prohibited,Prohibited,Prohibited,Prohibited,Prohibited,,,2022-01-22,Yes,Yes,Yes,9,
Arroyo Grande,Arroyo Grande,35.1243045,-120.5848540,602868,San Luis Obispo,San Luis Obispo County,City,Prohibited,Prohibited,Prohibited,Prohibited,Prohibited,Prohibited,,,2022-01-22,Yes,Yes,,,17
Lakewood,Lakewood,33.8471353,-118.1218940,639892,Los Angeles,Los Angeles County,City,Prohibited,Prohibited,Prohibited,Prohibited,Prohibited,Prohibited,,,2022-01-22,Yes,Yes,,,81
Fortuna,Fortuna,40.5854108,-124.1426079,625296,Humboldt,Humboldt County,City,Prohibited,Prohibited,Prohibited,Prohibited,Prohibited,Prohibited,,,2022-01-22,Yes,Yes,,,12
Folsom,Folsom,38.6665966,-121.1416355,624638,Sacramento,Sacramento County,City,Prohibited,Prohibited,Prohibited,Prohibited,Prohibited,Prohibited,,,2022-01-22,Yes,Yes,,,78
Highland,Highland,34.1134731,-117.1657294,633588,San Bernardino,San Bernardino County,City,Prohibited,Prohibited,Prohibited,Prohibited,Prohibited,Prohibited,,,2022-01-22,Yes,Yes,,,54
Rancho Santa Margarita,Rancho Santa Margarita,33.6323536,-117.5990075,659587,Orange,Orange County,City,Prohibited,Prohibited,Prohibited,Prohibited,Prohibited,Prohibited,,,2022-01-22,Yes,Yes,,,49
Unincorporated Ventura County,,,,,Ventura,Ventura County,County,Prohibited,Prohibited,Limited,Prohibited,Limited,Prohibited,"Distribution: Self-distribution only
Cultivation: Indoor only",,2022-01-22,No,Yes,No,859,
Lake Forest,Lake Forest,33.6549461,-117.6758479,639496,Orange,Orange County,City,Prohibited,Prohibited,Prohibited,Prohibited,Prohibited,Allowed,,,2022-01-22,No,Yes,,,63
Biggs,Biggs,39.4132906,-121.7100758,606560,Butte,Butte County,City,Prohibited,Prohibited,Prohibited,Prohibited,Prohibited,Prohibited,,,2022-01-22,Yes,Yes,,,1
Calistoga,Calistoga,38.5814083,-122.5826961,609892,Napa,Napa County,City,Prohibited,Prohibited,Prohibited,Prohibited,Prohibited,Prohibited,,,2022-01-22,Yes,Yes,,,5
Avenal,Avenal,36.0311809,-120.1160228,603302,Kings,Kings County,City,Prohibited,Prohibited,Prohibited,Prohibited,Prohibited,Prohibited,,"Distribution, Manufacturing, Cultivation, Testing, Micro: Silent",2022-01-22,Yes,Yes,,,13
Madera,Madera,36.9639834,-120.0802435,645022,Madera,Madera County,City,Prohibited,Prohibited,Prohibited,Prohibited,Prohibited,Prohibited,,,2022-01-22,Yes,Yes,,,66
Sanger,Sanger,36.6989453,-119.5574669,667056,Fresno,Fresno County,City,Prohibited,Prohibited,Prohibited,Prohibited,Prohibited,Prohibited,,,2022-01-22,Yes,Yes,,,26
Kingsburg,Kingsburg,36.5252005,-119.5675710,638562,Fresno,Fresno County,City,Prohibited,Prohibited,Prohibited,Prohibited,Prohibited,Prohibited,,,2022-01-22,Yes,Yes,,,12
Huntington Beach,Huntington Beach,33.6905687,-118.0093300,636000,Orange,Orange County,City,Prohibited,Prohibited,Prohibited,Prohibited,Prohibited,Prohibited,,,2022-01-22,Yes,Yes,,,202
Temple City,Temple City,34.1021588,-118.0579488,678148,Los Angeles,Los Angeles County,City,Prohibited,Prohibited,Prohibited,Prohibited,Prohibited,Prohibited,,,2022-01-22,Yes,Yes,,,36
Norwalk,Norwalk,33.9076003,-118.0834525,652526,Los Angeles,Los Angeles County,City,Prohibited,Prohibited,Prohibited,Prohibited,Prohibited,Prohibited,,,2022-01-22,Yes,Yes,,,107
Millbrae,Millbrae,37.5989695,-122.4019908,647486,San Mateo,San Mateo County,City,Prohibited,Prohibited,Prohibited,Prohibited,Prohibited,Prohibited,,,2022-01-22,Yes,Yes,,,22
Los Banos,Los Banos,37.0633346,-120.8402558,644028,Merced,Merced County,City,Prohibited,Prohibited,Prohibited,Prohibited,Prohibited,Prohibited,,,2022-01-22,Yes,Yes,,,40
Rancho Cucamonga,Rancho Cucamonga,34.1233151,-117.5642070,659451,San Bernardino,San Bernardino County,City,Prohibited,Prohibited,Prohibited,Prohibited,Prohibited,Prohibited,,,2022-01-22,Yes,Yes,,,176
Beverly Hills,Beverly Hills,34.0792300,-118.4024374,606308,Los Angeles,Los Angeles County,City,Prohibited,Prohibited,Prohibited,Prohibited,Prohibited,Prohibited,,,2022-01-22,Yes,Yes,,,34
Pinole,Pinole,38.0017019,-122.3184880,657288,Contra Costa,Contra Costa County,City,Prohibited,Prohibited,Prohibited,Prohibited,Prohibited,Prohibited,,,2022-01-22,Yes,Yes,,,19
Dorris,Dorris,41.9649654,-121.9203865,619584,Siskiyou,Siskiyou County,City,Prohibited,Prohibited,Prohibited,Prohibited,Prohibited,Prohibited,,,2022-01-22,Yes,Yes,,,966
Brawley,Brawley,32.9787022,-115.5299143,608058,Imperial,Imperial County,City,Prohibited,Prohibited,Prohibited,Prohibited,Prohibited,Prohibited,,,2022-01-22,Yes,Yes,,,27
Yreka,Yreka,41.7240335,-122.6315699,686944,Siskiyou,Siskiyou County,City,Prohibited,Prohibited,Prohibited,Prohibited,Prohibited,Prohibited,,,2022-01-22,Yes,Yes,,,7
Westminster,Westminster,33.7522888,-117.9938733,684550,Orange,Orange County,City,Prohibited,Prohibited,Prohibited,Prohibited,Prohibited,Prohibited,,,2022-01-22,Yes,Yes,,,94
Los Altos Hills,Los Altos Hills,37.3672230,-122.1390911,643294,Santa Clara,Santa Clara County,City,Prohibited,Prohibited,Prohibited,Prohibited,Prohibited,Prohibited,,,2022-01-22,Yes,Yes,,,8
Signal Hill,Signal Hill,33.8034309,-118.1697698,671876,Los Angeles,Los Angeles County,City,Prohibited,Prohibited,Prohibited,Prohibited,Prohibited,Prohibited,,Retail (Storefront): Ballot measure pending in 2022,2022-01-22,Yes,Yes,,,11
Paradise,Paradise,39.7541919,-121.6064000,655520,Butte,Butte County,City,Prohibited,Prohibited,Prohibited,Prohibited,Prohibited,Prohibited,,,2022-01-22,Yes,Yes,,,26
Rialto,Rialto,34.1117839,-117.3882874,660466,San Bernardino,San Bernardino County,City,Prohibited,Prohibited,Prohibited,Prohibited,Prohibited,Prohibited,,,2022-01-22,Yes,Yes,,,107
La Mirada,La Mirada,33.9020453,-118.0089608,640032,Los Angeles,Los Angeles County,City,Prohibited,Prohibited,Prohibited,Prohibited,Prohibited,Prohibited,,,2022-01-22,Yes,Yes,,,49
Unincorporated Plumas County,,,,,Plumas,Plumas County,County,Prohibited,Prohibited,Prohibited,Prohibited,Prohibited,Prohibited,,,2022-01-22,Yes,Yes,Yes,19,
Riverside,Riverside,33.9381433,-117.3931675,662000,Riverside,Riverside County,City,Prohibited,Prohibited,Prohibited,Prohibited,Prohibited,Allowed,,,2022-01-22,No,Yes,,,325
Yorba Linda,Yorba Linda,33.8869705,-117.7725900,686832,Orange,Orange County,City,Prohibited,Prohibited,Prohibited,Prohibited,Prohibited,Prohibited,,,2022-01-22,Yes,Yes,,,69
La Puente,La Puente,34.0323333,-117.9535204,640340,Los Angeles,Los Angeles County,City,Prohibited,Prohibited,Prohibited,Prohibited,Prohibited,Prohibited,,,2022-01-22,Yes,Yes,,,40
Larkspur,Larkspur,37.9405150,-122.5295502,640438,Marin,Marin County,City,Prohibited,Prohibited,Prohibited,Prohibited,Prohibited,Prohibited,,Allows delivery from outside jurisdiction,2022-01-22,Yes,Yes,,,12
Healdsburg,Healdsburg,38.6225714,-122.8656918,633056,Sonoma,Sonoma County,City,Prohibited,Prohibited,Prohibited,Prohibited,Prohibited,Prohibited,,Retail (storefront): City is planning further discussions or bond meausre in 2022.,2022-01-22,Yes,Yes,,,12
Tulelake,Tulelake,41.9534596,-121.4748966,680686,Siskiyou,Siskiyou County,City,Prohibited,Prohibited,Prohibited,Prohibited,Prohibited,Prohibited,,,2022-01-22,Yes,Yes,,,977
Compton,Compton,33.8940467,-118.2274687,615044,Los Angeles,Los Angeles County,City,Prohibited,Prohibited,Prohibited,Prohibited,Prohibited,Prohibited,,,2022-01-22,Yes,Yes,,,99
Tiburon,Tiburon,37.8871660,-122.4582910,678666,Marin,Marin County,City,Prohibited,Prohibited,Prohibited,Prohibited,Prohibited,Prohibited,,Allows medical delivery from outside jurisdiction,2022-01-22,Yes,Yes,,,9
Oroville,Oroville,39.4954747,-121.5600132,654386,Butte,Butte County,City,Prohibited,Prohibited,Prohibited,Prohibited,Prohibited,Prohibited,,,2022-01-22,Yes,Yes,,,18
Galt,Galt,38.2669456,-121.3045439,628112,Sacramento,Sacramento County,City,Prohibited,Prohibited,Prohibited,Prohibited,Prohibited,Prohibited,,,2022-01-22,Yes,Yes,,,26
Live Oak,Live Oak,39.2788019,-121.6624391,641936,Sutter,Sutter County,City,Prohibited,Prohibited,Prohibited,Prohibited,Prohibited,Prohibited,,,2022-01-22,Yes,Yes,,,8
San Carlos,San Carlos,37.4954625,-122.2667954,665070,San Mateo,San Mateo County,City,Prohibited,Prohibited,Allowed,Allowed,Allowed,Allowed,Microbusiness: No retail,Allows delivery from outside jurisdiction,2022-01-22,No,Yes,,,29
San Anselmo,San Anselmo,37.9821217,-122.5699098,664434,Marin,Marin County,City,Prohibited,Prohibited,Prohibited,Prohibited,Prohibited,Prohibited,,Allows medical delivery from outside jurisdiction,2022-01-22,Yes,Yes,,,13
Sunnyvale,Sunnyvale,37.3857970,-122.0263165,677000,Santa Clara,Santa Clara County,City,Prohibited,Prohibited,Prohibited,Prohibited,Prohibited,Prohibited,,,2022-01-22,Yes,Yes,,,153
Blue Lake,Blue Lake,40.8832036,-123.9947220,607162,Humboldt,Humboldt County,City,Prohibited,Prohibited,Prohibited,Prohibited,Prohibited,Prohibited,,,2022-01-22,Yes,Yes,,,1
Sausalito,Sausalito,37.8583694,-122.4918436,670364,Marin,Marin County,City,Prohibited,Prohibited,Prohibited,Prohibited,Prohibited,Prohibited,,Allows medical delivery from outside jurisdiction,2022-01-22,Yes,Yes,,,7
Tehachapi,Tehachapi,35.1429585,-118.4460356,678092,Kern,Kern County,City,Prohibited,Prohibited,Prohibited,Prohibited,Prohibited,Prohibited,,,2022-01-22,Yes,Yes,,,12
Unincorporated Amador County,,,,,Amador,Amador County,County,Prohibited,Prohibited,Prohibited,Prohibited,Prohibited,Prohibited,,,2022-01-22,Yes,Yes,Yes,38,
Apple Valley,Apple Valley,34.5333761,-117.2103584,602364,San Bernardino,San Bernardino County,City,Prohibited,Prohibited,Prohibited,Prohibited,Prohibited,Prohibited,,,2022-01-22,Yes,Yes,,,73
Susanville,Susanville,40.4336740,-120.6283062,677364,Lassen,Lassen County,City,Prohibited,Prohibited,Prohibited,Prohibited,Prohibited,Prohibited,,,2022-01-22,Yes,Yes,,,14
Paramount,Paramount,33.8988835,-118.1666294,655618,Los Angeles,Los Angeles County,City,Prohibited,Prohibited,Prohibited,Prohibited,Prohibited,Prohibited,,,2022-01-22,Yes,Yes,,,56
Chino Hills,Chino Hills,33.9429693,-117.7256483,613214,San Bernardino,San Bernardino County,City,Prohibited,Prohibited,Prohibited,Prohibited,Prohibited,Prohibited,,,2022-01-22,Yes,Yes,,,83
San Ramon,San Ramon,37.7646048,-121.9332505,668378,Contra Costa,Contra Costa County,City,Prohibited,Prohibited,Prohibited,Prohibited,Prohibited,Prohibited,,,2022-01-22,Yes,Yes,,,82
Loyalton,Loyalton,39.6768545,-120.2448111,644364,Sierra,Sierra County,City,Prohibited,Prohibited,Prohibited,Prohibited,Prohibited,Prohibited,,,2022-01-22,Yes,Yes,,,757
Vernon,Vernon,34.0011230,-118.2108689,682422,Los Angeles,Los Angeles County,City,Prohibited,Prohibited,Prohibited,Prohibited,Prohibited,Prohibited,,,2022-01-22,Yes,Yes,,,209
Pittsburg,Pittsburg,38.0199568,-121.9058201,657456,Contra Costa,Contra Costa County,City,Prohibited,Prohibited,Allowed,Allowed,Prohibited,Allowed,,,2022-01-22,No,Yes,,,72
Paso Robles (El Paso de Robles),El Paso de Robles (Paso Robles),35.6407402,-120.6542682,622300,San Luis Obispo,San Luis Obispo County,City,Prohibited,Prohibited,Prohibited,Prohibited,Prohibited,Prohibited,,,2022-01-22,Yes,Yes,,,31
Unincorporated Solano County,,,,,Solano,Solano County,County,Prohibited,Prohibited,Prohibited,Prohibited,Prohibited,Prohibited,,,2022-01-22,Yes,Yes,Yes,439,
Corcoran,Corcoran,36.0846861,-119.5611408,616224,Kings,Kings County,City,Prohibited,Prohibited,Prohibited,Prohibited,Prohibited,Prohibited,,,2022-01-22,Yes,Yes,,,21
Amador City,Amador City,38.4189496,-120.8235481,601514,Amador,Amador County,City,Prohibited,Prohibited,Prohibited,Prohibited,Prohibited,Prohibited,,,2022-01-22,Yes,Yes,,,
Buellton,Buellton,34.6154975,-120.1942368,608758,Santa Barbara,Santa Barbara County,City,Prohibited,Prohibited,Prohibited,Prohibited,Prohibited,Allowed,,,2022-01-22,No,Yes,,,5
Beaumont,Beaumont,33.8767216,-116.9530089,604758,Riverside,Riverside County,City,Prohibited,Prohibited,Prohibited,Prohibited,Prohibited,Prohibited,,,2022-01-22,Yes,Yes,,,48
Unincorporated Sutter County,,,,,Sutter,Sutter County,County,Prohibited,Prohibited,Prohibited,Prohibited,Prohibited,Prohibited,,"Manufacturing, Testing, Micro: Silent",2022-01-22,Yes,Yes,Yes,97,
Yucaipa,Yucaipa,34.0335234,-117.0426099,687042,San Bernardino,San Bernardino County,City,Prohibited,Prohibited,Prohibited,Prohibited,Prohibited,Prohibited,,,2022-01-22,Yes,Yes,,,54
Unincorporated San Bernardino County,,,,,San Bernardino,San Bernardino County,County,Prohibited,Prohibited,Prohibited,Prohibited,Prohibited,Prohibited,,,2022-01-22,Yes,Yes,Yes,2,
Dublin,Dublin,37.7161535,-121.8962343,620018,Alameda,Alameda County,City,Prohibited,Prohibited,Prohibited,Prohibited,Prohibited,Prohibited,,,2022-01-22,Yes,Yes,,,63
Fontana,Fontana,34.1089560,-117.4628880,624680,San Bernardino,San Bernardino County,City,Prohibited,Prohibited,Prohibited,Prohibited,Prohibited,Prohibited,,,2022-01-22,Yes,Yes,,,212
Reedley,Reedley,36.5993741,-119.4477810,660242,Fresno,Fresno County,City,Prohibited,Prohibited,Prohibited,Prohibited,Prohibited,Prohibited,,,2022-01-22,Yes,Yes,,,26
Unincorporated Napa County,,,,,Napa,Napa County,County,Prohibited,Prohibited,Prohibited,Prohibited,Prohibited,Prohibited,,Allows delivery from outside jurisdiction,2022-01-22,Yes,Yes,Yes,141,
Gardena,Gardena,33.8944169,-118.3075220,628168,Los Angeles,Los Angeles County,City,Prohibited,Prohibited,Prohibited,Prohibited,Prohibited,Prohibited,,,2022-01-22,Yes,Yes,,,61
Canyon Lake,Canyon Lake,33.6883023,-117.2635469,610928,Riverside,Riverside County,City,Prohibited,Prohibited,Prohibited,Prohibited,Prohibited,Prohibited,,,2022-01-22,Yes,Yes,,,11
Unincorporated Butte County,,,,,Butte,Butte County,County,Prohibited,Prohibited,Prohibited,Prohibited,Prohibited,Prohibited,,,2022-01-22,Yes,Yes,Yes,227,
Santa Clarita,Santa Clarita,34.4029972,-118.5041658,669088,Los Angeles,Los Angeles County,City,Prohibited,Prohibited,Prohibited,Prohibited,Prohibited,Prohibited,,Allows delivery from outside jurisdiction,2022-01-22,Yes,Yes,,,216
Unincorporated Kings County,,,,,Kings,Kings County,County,Prohibited,Prohibited,Prohibited,Prohibited,Prohibited,Prohibited,,,2022-01-22,Yes,Yes,Yes,151,
Roseville,Roseville,38.7690012,-121.3189015,662938,Placer,Placer County,City,Prohibited,Prohibited,Prohibited,Prohibited,Prohibited,Prohibited,,,2022-01-22,Yes,Yes,,,137
South Pasadena,South Pasadena,34.1089567,-118.1566154,673220,Los Angeles,Los Angeles County,City,Prohibited,Prohibited,Prohibited,Prohibited,Prohibited,Prohibited,,,2022-01-22,Yes,Yes,,,26
Monte Sereno,Monte Sereno,37.2404547,-121.9880928,648956,Santa Clara,Santa Clara County,City,Prohibited,Prohibited,Prohibited,Prohibited,Prohibited,Prohibited,,Allows medical delivery from outside jurisdiction,2022-01-22,Yes,Yes,,,3
Alhambra,Alhambra,34.0835711,-118.1364436,600884,Los Angeles,Los Angeles County,City,Prohibited,Prohibited,Prohibited,Prohibited,Prohibited,Prohibited,,Allows medical delivery  from outside the jurisdiction,2022-01-22,Yes,Yes,,,86
Laguna Hills,Laguna Hills,33.5915227,-117.6994074,639220,Orange,Orange County,City,Prohibited,Prohibited,Prohibited,Prohibited,Prohibited,Prohibited,,,2022-01-22,Yes,Yes,,,31
Westlake Village,Westlake Village,34.1366751,-118.8173674,684438,Los Angeles,Los Angeles County,City,Prohibited,Prohibited,Prohibited,Prohibited,Prohibited,Prohibited,,Allows delivery from outside jurisdiction,2022-01-22,Yes,Yes,,,8